season,circuit,driver,team,grid_position,finish_position
2021,Bahrain Grand Prix,HAM,Mercedes,2,1
2021,Bahrain Grand Prix,VER,Red Bull Racing,1,2
2021,Bahrain Grand Prix,BOT,Mercedes,3,3
2021,Bahrain Grand Prix,NOR,McLaren,7,4
2021,Bahrain Grand Prix,PER,Red Bull Racing,0,5
2021,Bahrain Grand Prix,LEC,Ferrari,4,6
2021,Bahrain Grand Prix,RIC,McLaren,6,7
2021,Bahrain Grand Prix,SAI,Ferrari,8,8
2021,Bahrain Grand Prix,TSU,AlphaTauri,13,9
2021,Bahrain Grand Prix,STR,Aston Martin,10,10
2021,Bahrain Grand Prix,RAI,Alfa Romeo Racing,14,11
2021,Bahrain Grand Prix,GIO,Alfa Romeo Racing,12,12
2021,Bahrain Grand Prix,OCO,Alpine,16,13
2021,Bahrain Grand Prix,RUS,Williams,15,14
2021,Bahrain Grand Prix,VET,Aston Martin,20,15
2021,Bahrain Grand Prix,MSC,Haas F1 Team,18,16
2021,Bahrain Grand Prix,GAS,AlphaTauri,5,17
2021,Bahrain Grand Prix,LAT,Williams,17,18
2021,Bahrain Grand Prix,ALO,Alpine,9,19
2021,Bahrain Grand Prix,MAZ,Haas F1 Team,19,20
2021,Emilia Romagna Grand Prix,VER,Red Bull Racing,3,1
2021,Emilia Romagna Grand Prix,HAM,Mercedes,1,2
2021,Emilia Romagna Grand Prix,NOR,McLaren,7,3
2021,Emilia Romagna Grand Prix,LEC,Ferrari,4,4
2021,Emilia Romagna Grand Prix,SAI,Ferrari,11,5
2021,Emilia Romagna Grand Prix,RIC,McLaren,6,6
2021,Emilia Romagna Grand Prix,GAS,AlphaTauri,5,7
2021,Emilia Romagna Grand Prix,STR,Aston Martin,10,8
2021,Emilia Romagna Grand Prix,OCO,Alpine,9,9
2021,Emilia Romagna Grand Prix,ALO,Alpine,15,10
2021,Emilia Romagna Grand Prix,PER,Red Bull Racing,2,11
2021,Emilia Romagna Grand Prix,TSU,AlphaTauri,20,12
2021,Emilia Romagna Grand Prix,RAI,Alfa Romeo Racing,16,13
2021,Emilia Romagna Grand Prix,GIO,Alfa Romeo Racing,17,14
2021,Emilia Romagna Grand Prix,VET,Aston Martin,0,15
2021,Emilia Romagna Grand Prix,MSC,Haas F1 Team,18,16
2021,Emilia Romagna Grand Prix,MAZ,Haas F1 Team,19,17
2021,Emilia Romagna Grand Prix,BOT,Mercedes,8,18
2021,Emilia Romagna Grand Prix,RUS,Williams,12,19
2021,Emilia Romagna Grand Prix,LAT,Williams,14,20
2021,Portuguese Grand Prix,HAM,Mercedes,2,1
2021,Portuguese Grand Prix,VER,Red Bull Racing,3,2
2021,Portuguese Grand Prix,BOT,Mercedes,1,3
2021,Portuguese Grand Prix,PER,Red Bull Racing,4,4
2021,Portuguese Grand Prix,NOR,McLaren,7,5
2021,Portuguese Grand Prix,LEC,Ferrari,8,6
2021,Portuguese Grand Prix,OCO,Alpine,6,7
2021,Portuguese Grand Prix,ALO,Alpine,13,8
2021,Portuguese Grand Prix,RIC,McLaren,16,9
2021,Portuguese Grand Prix,GAS,AlphaTauri,9,10
2021,Portuguese Grand Prix,SAI,Ferrari,5,11
2021,Portuguese Grand Prix,GIO,Alfa Romeo Racing,12,12
2021,Portuguese Grand Prix,VET,Aston Martin,10,13
2021,Portuguese Grand Prix,STR,Aston Martin,17,14
2021,Portuguese Grand Prix,TSU,AlphaTauri,14,15
2021,Portuguese Grand Prix,RUS,Williams,11,16
2021,Portuguese Grand Prix,MSC,Haas F1 Team,19,17
2021,Portuguese Grand Prix,LAT,Williams,18,18
2021,Portuguese Grand Prix,MAZ,Haas F1 Team,20,19
2021,Portuguese Grand Prix,RAI,Alfa Romeo Racing,15,20
2021,Spanish Grand Prix,HAM,Mercedes,1,1
2021,Spanish Grand Prix,VER,Red Bull Racing,2,2
2021,Spanish Grand Prix,BOT,Mercedes,3,3
2021,Spanish Grand Prix,LEC,Ferrari,4,4
2021,Spanish Grand Prix,PER,Red Bull Racing,8,5
2021,Spanish Grand Prix,RIC,McLaren,7,6
2021,Spanish Grand Prix,SAI,Ferrari,6,7
2021,Spanish Grand Prix,NOR,McLaren,9,8
2021,Spanish Grand Prix,OCO,Alpine,5,9
2021,Spanish Grand Prix,GAS,AlphaTauri,12,10
2021,Spanish Grand Prix,STR,Aston Martin,11,11
2021,Spanish Grand Prix,RAI,Alfa Romeo Racing,17,12
2021,Spanish Grand Prix,VET,Aston Martin,13,13
2021,Spanish Grand Prix,RUS,Williams,15,14
2021,Spanish Grand Prix,GIO,Alfa Romeo Racing,14,15
2021,Spanish Grand Prix,LAT,Williams,19,16
2021,Spanish Grand Prix,ALO,Alpine,10,17
2021,Spanish Grand Prix,MSC,Haas F1 Team,18,18
2021,Spanish Grand Prix,MAZ,Haas F1 Team,20,19
2021,Spanish Grand Prix,TSU,AlphaTauri,16,20
2021,Monaco Grand Prix,VER,Red Bull Racing,2,1
2021,Monaco Grand Prix,SAI,Ferrari,4,2
2021,Monaco Grand Prix,NOR,McLaren,5,3
2021,Monaco Grand Prix,PER,Red Bull Racing,9,4
2021,Monaco Grand Prix,VET,Aston Martin,8,5
2021,Monaco Grand Prix,GAS,AlphaTauri,6,6
2021,Monaco Grand Prix,HAM,Mercedes,7,7
2021,Monaco Grand Prix,STR,Aston Martin,13,8
2021,Monaco Grand Prix,OCO,Alpine,11,9
2021,Monaco Grand Prix,GIO,Alfa Romeo Racing,10,10
2021,Monaco Grand Prix,RAI,Alfa Romeo Racing,14,11
2021,Monaco Grand Prix,RIC,McLaren,12,12
2021,Monaco Grand Prix,ALO,Alpine,17,13
2021,Monaco Grand Prix,RUS,Williams,15,14
2021,Monaco Grand Prix,LAT,Williams,18,15
2021,Monaco Grand Prix,TSU,AlphaTauri,16,16
2021,Monaco Grand Prix,MAZ,Haas F1 Team,19,17
2021,Monaco Grand Prix,MSC,Haas F1 Team,20,18
2021,Monaco Grand Prix,BOT,Mercedes,3,19
2021,Monaco Grand Prix,LEC,Ferrari,1,20
2021,Azerbaijan Grand Prix,PER,Red Bull Racing,6,1
2021,Azerbaijan Grand Prix,VET,Aston Martin,11,2
2021,Azerbaijan Grand Prix,GAS,AlphaTauri,4,3
2021,Azerbaijan Grand Prix,LEC,Ferrari,1,4
2021,Azerbaijan Grand Prix,NOR,McLaren,9,5
2021,Azerbaijan Grand Prix,ALO,Alpine,8,6
2021,Azerbaijan Grand Prix,TSU,AlphaTauri,7,7
2021,Azerbaijan Grand Prix,SAI,Ferrari,5,8
2021,Azerbaijan Grand Prix,RIC,McLaren,13,9
2021,Azerbaijan Grand Prix,RAI,Alfa Romeo Racing,14,10
2021,Azerbaijan Grand Prix,GIO,Alfa Romeo Racing,20,11
2021,Azerbaijan Grand Prix,BOT,Mercedes,10,12
2021,Azerbaijan Grand Prix,MSC,Haas F1 Team,17,13
2021,Azerbaijan Grand Prix,MAZ,Haas F1 Team,18,14
2021,Azerbaijan Grand Prix,HAM,Mercedes,2,15
2021,Azerbaijan Grand Prix,LAT,Williams,16,16
2021,Azerbaijan Grand Prix,RUS,Williams,15,17
2021,Azerbaijan Grand Prix,VER,Red Bull Racing,3,18
2021,Azerbaijan Grand Prix,STR,Aston Martin,19,19
2021,Azerbaijan Grand Prix,OCO,Alpine,12,20
2021,French Grand Prix,VER,Red Bull Racing,1,1
2021,French Grand Prix,HAM,Mercedes,2,2
2021,French Grand Prix,PER,Red Bull Racing,4,3
2021,French Grand Prix,BOT,Mercedes,3,4
2021,French Grand Prix,NOR,McLaren,8,5
2021,French Grand Prix,RIC,McLaren,10,6
2021,French Grand Prix,GAS,AlphaTauri,6,7
2021,French Grand Prix,ALO,Alpine,9,8
2021,French Grand Prix,VET,Aston Martin,12,9
2021,French Grand Prix,STR,Aston Martin,19,10
2021,French Grand Prix,SAI,Ferrari,5,11
2021,French Grand Prix,RUS,Williams,14,12
2021,French Grand Prix,TSU,AlphaTauri,0,13
2021,French Grand Prix,OCO,Alpine,11,14
2021,French Grand Prix,GIO,Alfa Romeo Racing,13,15
2021,French Grand Prix,LEC,Ferrari,7,16
2021,French Grand Prix,RAI,Alfa Romeo Racing,17,17
2021,French Grand Prix,LAT,Williams,16,18
2021,French Grand Prix,MSC,Haas F1 Team,15,19
2021,French Grand Prix,MAZ,Haas F1 Team,18,20
2021,Styrian Grand Prix,VER,Red Bull Racing,1,1
2021,Styrian Grand Prix,HAM,Mercedes,2,2
2021,Styrian Grand Prix,BOT,Mercedes,5,3
2021,Styrian Grand Prix,PER,Red Bull Racing,4,4
2021,Styrian Grand Prix,NOR,McLaren,3,5
2021,Styrian Grand Prix,SAI,Ferrari,12,6
2021,Styrian Grand Prix,LEC,Ferrari,7,7
2021,Styrian Grand Prix,STR,Aston Martin,9,8
2021,Styrian Grand Prix,ALO,Alpine,8,9
2021,Styrian Grand Prix,TSU,AlphaTauri,11,10
2021,Styrian Grand Prix,RAI,Alfa Romeo Racing,18,11
2021,Styrian Grand Prix,VET,Aston Martin,14,12
2021,Styrian Grand Prix,RIC,McLaren,13,13
2021,Styrian Grand Prix,OCO,Alpine,17,14
2021,Styrian Grand Prix,GIO,Alfa Romeo Racing,15,15
2021,Styrian Grand Prix,MSC,Haas F1 Team,19,16
2021,Styrian Grand Prix,LAT,Williams,16,17
2021,Styrian Grand Prix,MAZ,Haas F1 Team,20,18
2021,Styrian Grand Prix,RUS,Williams,10,19
2021,Styrian Grand Prix,GAS,AlphaTauri,6,20
2021,Austrian Grand Prix,VER,Red Bull Racing,1,1
2021,Austrian Grand Prix,BOT,Mercedes,5,2
2021,Austrian Grand Prix,NOR,McLaren,2,3
2021,Austrian Grand Prix,HAM,Mercedes,4,4
2021,Austrian Grand Prix,SAI,Ferrari,10,5
2021,Austrian Grand Prix,PER,Red Bull Racing,3,6
2021,Austrian Grand Prix,RIC,McLaren,13,7
2021,Austrian Grand Prix,LEC,Ferrari,12,8
2021,Austrian Grand Prix,GAS,AlphaTauri,6,9
2021,Austrian Grand Prix,ALO,Alpine,14,10
2021,Austrian Grand Prix,RUS,Williams,8,11
2021,Austrian Grand Prix,TSU,AlphaTauri,7,12
2021,Austrian Grand Prix,STR,Aston Martin,9,13
2021,Austrian Grand Prix,GIO,Alfa Romeo Racing,15,14
2021,Austrian Grand Prix,RAI,Alfa Romeo Racing,16,15
2021,Austrian Grand Prix,LAT,Williams,18,16
2021,Austrian Grand Prix,VET,Aston Martin,11,17
2021,Austrian Grand Prix,MSC,Haas F1 Team,19,18
2021,Austrian Grand Prix,MAZ,Haas F1 Team,20,19
2021,Austrian Grand Prix,OCO,Alpine,17,20
2021,British Grand Prix,HAM,Mercedes,2,1
2021,British Grand Prix,LEC,Ferrari,4,2
2021,British Grand Prix,BOT,Mercedes,3,3
2021,British Grand Prix,NOR,McLaren,5,4
2021,British Grand Prix,RIC,McLaren,6,5
2021,British Grand Prix,SAI,Ferrari,10,6
2021,British Grand Prix,ALO,Alpine,7,7
2021,British Grand Prix,STR,Aston Martin,14,8
2021,British Grand Prix,OCO,Alpine,9,9
2021,British Grand Prix,TSU,AlphaTauri,16,10
2021,British Grand Prix,GAS,AlphaTauri,11,11
2021,British Grand Prix,RUS,Williams,12,12
2021,British Grand Prix,GIO,Alfa Romeo Racing,15,13
2021,British Grand Prix,LAT,Williams,17,14
2021,British Grand Prix,RAI,Alfa Romeo Racing,13,15
2021,British Grand Prix,PER,Red Bull Racing,0,16
2021,British Grand Prix,MAZ,Haas F1 Team,19,17
2021,British Grand Prix,MSC,Haas F1 Team,18,18
2021,British Grand Prix,VET,Aston Martin,8,19
2021,British Grand Prix,VER,Red Bull Racing,1,20
2021,Hungarian Grand Prix,OCO,Alpine,8,1
2021,Hungarian Grand Prix,HAM,Mercedes,1,2
2021,Hungarian Grand Prix,SAI,Ferrari,15,3
2021,Hungarian Grand Prix,ALO,Alpine,9,4
2021,Hungarian Grand Prix,GAS,AlphaTauri,5,5
2021,Hungarian Grand Prix,TSU,AlphaTauri,16,6
2021,Hungarian Grand Prix,LAT,Williams,18,7
2021,Hungarian Grand Prix,RUS,Williams,17,8
2021,Hungarian Grand Prix,VER,Red Bull Racing,3,9
2021,Hungarian Grand Prix,RAI,Alfa Romeo Racing,13,10
2021,Hungarian Grand Prix,RIC,McLaren,11,11
2021,Hungarian Grand Prix,MSC,Haas F1 Team,20,12
2021,Hungarian Grand Prix,GIO,Alfa Romeo Racing,0,13
2021,Hungarian Grand Prix,MAZ,Haas F1 Team,19,14
2021,Hungarian Grand Prix,NOR,McLaren,6,15
2021,Hungarian Grand Prix,BOT,Mercedes,2,16
2021,Hungarian Grand Prix,PER,Red Bull Racing,4,17
2021,Hungarian Grand Prix,LEC,Ferrari,7,18
2021,Hungarian Grand Prix,STR,Aston Martin,12,19
2021,Hungarian Grand Prix,VET,Aston Martin,10,20
2021,Belgian Grand Prix,VER,Red Bull Racing,1,1
2021,Belgian Grand Prix,RUS,Williams,2,2
2021,Belgian Grand Prix,HAM,Mercedes,3,3
2021,Belgian Grand Prix,RIC,McLaren,4,4
2021,Belgian Grand Prix,VET,Aston Martin,5,5
2021,Belgian Grand Prix,GAS,AlphaTauri,6,6
2021,Belgian Grand Prix,OCO,Alpine,8,7
2021,Belgian Grand Prix,LEC,Ferrari,9,8
2021,Belgian Grand Prix,LAT,Williams,10,9
2021,Belgian Grand Prix,SAI,Ferrari,11,10
2021,Belgian Grand Prix,ALO,Alpine,12,11
2021,Belgian Grand Prix,BOT,Mercedes,13,12
2021,Belgian Grand Prix,GIO,Alfa Romeo Racing,14,13
2021,Belgian Grand Prix,NOR,McLaren,15,14
2021,Belgian Grand Prix,TSU,AlphaTauri,16,15
2021,Belgian Grand Prix,MSC,Haas F1 Team,17,16
2021,Belgian Grand Prix,MAZ,Haas F1 Team,18,17
2021,Belgian Grand Prix,RAI,Alfa Romeo Racing,0,18
2021,Belgian Grand Prix,PER,Red Bull Racing,0,19
2021,Belgian Grand Prix,STR,Aston Martin,19,20
2021,Dutch Grand Prix,VER,Red Bull Racing,1,1
2021,Dutch Grand Prix,HAM,Mercedes,2,2
2021,Dutch Grand Prix,BOT,Mercedes,3,3
2021,Dutch Grand Prix,GAS,AlphaTauri,4,4
2021,Dutch Grand Prix,LEC,Ferrari,5,5
2021,Dutch Grand Prix,ALO,Alpine,9,6
2021,Dutch Grand Prix,SAI,Ferrari,6,7
2021,Dutch Grand Prix,PER,Red Bull Racing,0,8
2021,Dutch Grand Prix,OCO,Alpine,8,9
2021,Dutch Grand Prix,NOR,McLaren,13,10
2021,Dutch Grand Prix,RIC,McLaren,10,11
2021,Dutch Grand Prix,STR,Aston Martin,12,12
2021,Dutch Grand Prix,VET,Aston Martin,15,13
2021,Dutch Grand Prix,GIO,Alfa Romeo Racing,7,14
2021,Dutch Grand Prix,KUB,Alfa Romeo Racing,16,15
2021,Dutch Grand Prix,LAT,Williams,0,16
2021,Dutch Grand Prix,RUS,Williams,11,17
2021,Dutch Grand Prix,MSC,Haas F1 Team,17,18
2021,Dutch Grand Prix,TSU,AlphaTauri,14,19
2021,Dutch Grand Prix,MAZ,Haas F1 Team,18,20
2021,Italian Grand Prix,RIC,McLaren,2,1
2021,Italian Grand Prix,NOR,McLaren,3,2
2021,Italian Grand Prix,BOT,Mercedes,19,3
2021,Italian Grand Prix,LEC,Ferrari,5,4
2021,Italian Grand Prix,PER,Red Bull Racing,8,5
2021,Italian Grand Prix,SAI,Ferrari,6,6
2021,Italian Grand Prix,STR,Aston Martin,9,7
2021,Italian Grand Prix,ALO,Alpine,10,8
2021,Italian Grand Prix,RUS,Williams,14,9
2021,Italian Grand Prix,OCO,Alpine,12,10
2021,Italian Grand Prix,LAT,Williams,13,11
2021,Italian Grand Prix,VET,Aston Martin,11,12
2021,Italian Grand Prix,GIO,Alfa Romeo Racing,7,13
2021,Italian Grand Prix,KUB,Alfa Romeo Racing,17,14
2021,Italian Grand Prix,MSC,Haas F1 Team,18,15
2021,Italian Grand Prix,MAZ,Haas F1 Team,16,16
2021,Italian Grand Prix,HAM,Mercedes,4,17
2021,Italian Grand Prix,VER,Red Bull Racing,1,18
2021,Italian Grand Prix,GAS,AlphaTauri,0,19
2021,Italian Grand Prix,TSU,AlphaTauri,0,20
2021,Russian Grand Prix,HAM,Mercedes,4,1
2021,Russian Grand Prix,VER,Red Bull Racing,20,2
2021,Russian Grand Prix,SAI,Ferrari,2,3
2021,Russian Grand Prix,RIC,McLaren,5,4
2021,Russian Grand Prix,BOT,Mercedes,16,5
2021,Russian Grand Prix,ALO,Alpine,6,6
2021,Russian Grand Prix,NOR,McLaren,1,7
2021,Russian Grand Prix,RAI,Alfa Romeo Racing,13,8
2021,Russian Grand Prix,PER,Red Bull Racing,8,9
2021,Russian Grand Prix,RUS,Williams,3,10
2021,Russian Grand Prix,STR,Aston Martin,7,11
2021,Russian Grand Prix,VET,Aston Martin,10,12
2021,Russian Grand Prix,GAS,AlphaTauri,11,13
2021,Russian Grand Prix,OCO,Alpine,9,14
2021,Russian Grand Prix,LEC,Ferrari,19,15
2021,Russian Grand Prix,GIO,Alfa Romeo Racing,17,16
2021,Russian Grand Prix,TSU,AlphaTauri,12,17
2021,Russian Grand Prix,MAZ,Haas F1 Team,15,18
2021,Russian Grand Prix,LAT,Williams,18,19
2021,Russian Grand Prix,MSC,Haas F1 Team,14,20
2021,Turkish Grand Prix,BOT,Mercedes,1,1
2021,Turkish Grand Prix,VER,Red Bull Racing,2,2
2021,Turkish Grand Prix,PER,Red Bull Racing,6,3
2021,Turkish Grand Prix,LEC,Ferrari,3,4
2021,Turkish Grand Prix,HAM,Mercedes,11,5
2021,Turkish Grand Prix,GAS,AlphaTauri,4,6
2021,Turkish Grand Prix,NOR,McLaren,7,7
2021,Turkish Grand Prix,SAI,Ferrari,19,8
2021,Turkish Grand Prix,STR,Aston Martin,8,9
2021,Turkish Grand Prix,OCO,Alpine,12,10
2021,Turkish Grand Prix,GIO,Alfa Romeo Racing,16,11
2021,Turkish Grand Prix,RAI,Alfa Romeo Racing,17,12
2021,Turkish Grand Prix,RIC,McLaren,20,13
2021,Turkish Grand Prix,TSU,AlphaTauri,9,14
2021,Turkish Grand Prix,RUS,Williams,13,15
2021,Turkish Grand Prix,ALO,Alpine,5,16
2021,Turkish Grand Prix,LAT,Williams,15,17
2021,Turkish Grand Prix,VET,Aston Martin,10,18
2021,Turkish Grand Prix,MSC,Haas F1 Team,14,19
2021,Turkish Grand Prix,MAZ,Haas F1 Team,18,20
2021,United States Grand Prix,VER,Red Bull Racing,1,1
2021,United States Grand Prix,HAM,Mercedes,2,2
2021,United States Grand Prix,PER,Red Bull Racing,3,3
2021,United States Grand Prix,LEC,Ferrari,4,4
2021,United States Grand Prix,RIC,McLaren,6,5
2021,United States Grand Prix,BOT,Mercedes,9,6
2021,United States Grand Prix,SAI,Ferrari,5,7
2021,United States Grand Prix,NOR,McLaren,7,8
2021,United States Grand Prix,TSU,AlphaTauri,10,9
2021,United States Grand Prix,VET,Aston Martin,18,10
2021,United States Grand Prix,GIO,Alfa Romeo Racing,12,11
2021,United States Grand Prix,STR,Aston Martin,13,12
2021,United States Grand Prix,RAI,Alfa Romeo Racing,15,13
2021,United States Grand Prix,RUS,Williams,20,14
2021,United States Grand Prix,LAT,Williams,14,15
2021,United States Grand Prix,MSC,Haas F1 Team,16,16
2021,United States Grand Prix,MAZ,Haas F1 Team,17,17
2021,United States Grand Prix,ALO,Alpine,19,18
2021,United States Grand Prix,OCO,Alpine,11,19
2021,United States Grand Prix,GAS,AlphaTauri,8,20
2021,Mexico City Grand Prix,VER,Red Bull Racing,3,1
2021,Mexico City Grand Prix,HAM,Mercedes,2,2
2021,Mexico City Grand Prix,PER,Red Bull Racing,4,3
2021,Mexico City Grand Prix,GAS,AlphaTauri,5,4
2021,Mexico City Grand Prix,LEC,Ferrari,8,5
2021,Mexico City Grand Prix,SAI,Ferrari,6,6
2021,Mexico City Grand Prix,VET,Aston Martin,9,7
2021,Mexico City Grand Prix,RAI,Alfa Romeo Racing,10,8
2021,Mexico City Grand Prix,ALO,Alpine,12,9
2021,Mexico City Grand Prix,NOR,McLaren,18,10
2021,Mexico City Grand Prix,GIO,Alfa Romeo Racing,11,11
2021,Mexico City Grand Prix,RIC,McLaren,7,12
2021,Mexico City Grand Prix,OCO,Alpine,19,13
2021,Mexico City Grand Prix,STR,Aston Martin,20,14
2021,Mexico City Grand Prix,BOT,Mercedes,1,15
2021,Mexico City Grand Prix,RUS,Williams,16,16
2021,Mexico City Grand Prix,LAT,Williams,13,17
2021,Mexico City Grand Prix,MAZ,Haas F1 Team,15,18
2021,Mexico City Grand Prix,MSC,Haas F1 Team,14,19
2021,Mexico City Grand Prix,TSU,AlphaTauri,17,20
2021,São Paulo Grand Prix,HAM,Mercedes,10,1
2021,São Paulo Grand Prix,VER,Red Bull Racing,2,2
2021,São Paulo Grand Prix,BOT,Mercedes,1,3
2021,São Paulo Grand Prix,PER,Red Bull Racing,4,4
2021,São Paulo Grand Prix,LEC,Ferrari,6,5
2021,São Paulo Grand Prix,SAI,Ferrari,3,6
2021,São Paulo Grand Prix,GAS,AlphaTauri,7,7
2021,São Paulo Grand Prix,OCO,Alpine,8,8
2021,São Paulo Grand Prix,ALO,Alpine,12,9
2021,São Paulo Grand Prix,NOR,McLaren,5,10
2021,São Paulo Grand Prix,VET,Aston Martin,9,11
2021,São Paulo Grand Prix,RAI,Alfa Romeo Racing,0,12
2021,São Paulo Grand Prix,RUS,Williams,17,13
2021,São Paulo Grand Prix,GIO,Alfa Romeo Racing,13,14
2021,São Paulo Grand Prix,TSU,AlphaTauri,15,15
2021,São Paulo Grand Prix,LAT,Williams,16,16
2021,São Paulo Grand Prix,MAZ,Haas F1 Team,19,17
2021,São Paulo Grand Prix,MSC,Haas F1 Team,18,18
2021,São Paulo Grand Prix,RIC,McLaren,11,19
2021,São Paulo Grand Prix,STR,Aston Martin,14,20
2021,Qatar Grand Prix,HAM,Mercedes,1,1
2021,Qatar Grand Prix,VER,Red Bull Racing,7,2
2021,Qatar Grand Prix,ALO,Alpine,3,3
2021,Qatar Grand Prix,PER,Red Bull Racing,11,4
2021,Qatar Grand Prix,OCO,Alpine,9,5
2021,Qatar Grand Prix,STR,Aston Martin,12,6
2021,Qatar Grand Prix,SAI,Ferrari,5,7
2021,Qatar Grand Prix,LEC,Ferrari,13,8
2021,Qatar Grand Prix,NOR,McLaren,4,9
2021,Qatar Grand Prix,VET,Aston Martin,10,10
2021,Qatar Grand Prix,GAS,AlphaTauri,2,11
2021,Qatar Grand Prix,RIC,McLaren,14,12
2021,Qatar Grand Prix,TSU,AlphaTauri,8,13
2021,Qatar Grand Prix,RAI,Alfa Romeo Racing,16,14
2021,Qatar Grand Prix,GIO,Alfa Romeo Racing,18,15
2021,Qatar Grand Prix,MSC,Haas F1 Team,19,16
2021,Qatar Grand Prix,RUS,Williams,15,17
2021,Qatar Grand Prix,MAZ,Haas F1 Team,20,18
2021,Qatar Grand Prix,LAT,Williams,17,19
2021,Qatar Grand Prix,BOT,Mercedes,6,20
2021,Saudi Arabian Grand Prix,HAM,Mercedes,1,1
2021,Saudi Arabian Grand Prix,VER,Red Bull Racing,3,2
2021,Saudi Arabian Grand Prix,BOT,Mercedes,2,3
2021,Saudi Arabian Grand Prix,OCO,Alpine,9,4
2021,Saudi Arabian Grand Prix,RIC,McLaren,11,5
2021,Saudi Arabian Grand Prix,GAS,AlphaTauri,6,6
2021,Saudi Arabian Grand Prix,LEC,Ferrari,4,7
2021,Saudi Arabian Grand Prix,SAI,Ferrari,15,8
2021,Saudi Arabian Grand Prix,GIO,Alfa Romeo Racing,10,9
2021,Saudi Arabian Grand Prix,NOR,McLaren,7,10
2021,Saudi Arabian Grand Prix,STR,Aston Martin,18,11
2021,Saudi Arabian Grand Prix,LAT,Williams,16,12
2021,Saudi Arabian Grand Prix,ALO,Alpine,13,13
2021,Saudi Arabian Grand Prix,TSU,AlphaTauri,8,14
2021,Saudi Arabian Grand Prix,RAI,Alfa Romeo Racing,12,15
2021,Saudi Arabian Grand Prix,VET,Aston Martin,17,16
2021,Saudi Arabian Grand Prix,PER,Red Bull Racing,5,17
2021,Saudi Arabian Grand Prix,MAZ,Haas F1 Team,20,18
2021,Saudi Arabian Grand Prix,RUS,Williams,14,19
2021,Saudi Arabian Grand Prix,MSC,Haas F1 Team,19,20
2021,Abu Dhabi Grand Prix,VER,Red Bull Racing,1,1
2021,Abu Dhabi Grand Prix,HAM,Mercedes,2,2
2021,Abu Dhabi Grand Prix,SAI,Ferrari,5,3
2021,Abu Dhabi Grand Prix,TSU,AlphaTauri,8,4
2021,Abu Dhabi Grand Prix,GAS,AlphaTauri,12,5
2021,Abu Dhabi Grand Prix,BOT,Mercedes,6,6
2021,Abu Dhabi Grand Prix,NOR,McLaren,3,7
2021,Abu Dhabi Grand Prix,ALO,Alpine,11,8
2021,Abu Dhabi Grand Prix,OCO,Alpine,9,9
2021,Abu Dhabi Grand Prix,LEC,Ferrari,7,10
2021,Abu Dhabi Grand Prix,VET,Aston Martin,15,11
2021,Abu Dhabi Grand Prix,RIC,McLaren,10,12
2021,Abu Dhabi Grand Prix,STR,Aston Martin,13,13
2021,Abu Dhabi Grand Prix,MSC,Haas F1 Team,19,14
2021,Abu Dhabi Grand Prix,PER,Red Bull Racing,4,15
2021,Abu Dhabi Grand Prix,LAT,Williams,16,16
2021,Abu Dhabi Grand Prix,GIO,Alfa Romeo Racing,14,17
2021,Abu Dhabi Grand Prix,RUS,Williams,17,18
2021,Abu Dhabi Grand Prix,RAI,Alfa Romeo Racing,18,19
2022,Bahrain Grand Prix,LEC,Ferrari,1,1
2022,Bahrain Grand Prix,SAI,Ferrari,3,2
2022,Bahrain Grand Prix,HAM,Mercedes,5,3
2022,Bahrain Grand Prix,RUS,Mercedes,9,4
2022,Bahrain Grand Prix,MAG,Haas F1 Team,7,5
2022,Bahrain Grand Prix,BOT,Alfa Romeo,6,6
2022,Bahrain Grand Prix,OCO,Alpine,11,7
2022,Bahrain Grand Prix,TSU,AlphaTauri,16,8
2022,Bahrain Grand Prix,ALO,Alpine,8,9
2022,Bahrain Grand Prix,ZHO,Alfa Romeo,15,10
2022,Bahrain Grand Prix,MSC,Haas F1 Team,12,11
2022,Bahrain Grand Prix,STR,Aston Martin,19,12
2022,Bahrain Grand Prix,ALB,Williams,14,13
2022,Bahrain Grand Prix,RIC,McLaren,18,14
2022,Bahrain Grand Prix,NOR,McLaren,13,15
2022,Bahrain Grand Prix,LAT,Williams,20,16
2022,Bahrain Grand Prix,HUL,Aston Martin,17,17
2022,Bahrain Grand Prix,PER,Red Bull Racing,4,18
2022,Bahrain Grand Prix,VER,Red Bull Racing,2,19
2022,Bahrain Grand Prix,GAS,AlphaTauri,10,20
2022,Saudi Arabian Grand Prix,VER,Red Bull Racing,4,1
2022,Saudi Arabian Grand Prix,LEC,Ferrari,2,2
2022,Saudi Arabian Grand Prix,SAI,Ferrari,3,3
2022,Saudi Arabian Grand Prix,PER,Red Bull Racing,1,4
2022,Saudi Arabian Grand Prix,RUS,Mercedes,6,5
2022,Saudi Arabian Grand Prix,OCO,Alpine,5,6
2022,Saudi Arabian Grand Prix,NOR,McLaren,11,7
2022,Saudi Arabian Grand Prix,GAS,AlphaTauri,9,8
2022,Saudi Arabian Grand Prix,MAG,Haas F1 Team,10,9
2022,Saudi Arabian Grand Prix,HAM,Mercedes,15,10
2022,Saudi Arabian Grand Prix,ZHO,Alfa Romeo,12,11
2022,Saudi Arabian Grand Prix,HUL,Aston Martin,17,12
2022,Saudi Arabian Grand Prix,STR,Aston Martin,13,13
2022,Saudi Arabian Grand Prix,ALB,Williams,16,14
2022,Saudi Arabian Grand Prix,BOT,Alfa Romeo,8,15
2022,Saudi Arabian Grand Prix,ALO,Alpine,7,16
2022,Saudi Arabian Grand Prix,RIC,McLaren,14,17
2022,Saudi Arabian Grand Prix,LAT,Williams,18,18
2022,Saudi Arabian Grand Prix,TSU,AlphaTauri,19,19
2022,Emilia Romagna Grand Prix,VER,Red Bull Racing,1,1
2022,Emilia Romagna Grand Prix,PER,Red Bull Racing,3,2
2022,Emilia Romagna Grand Prix,NOR,McLaren,5,3
2022,Emilia Romagna Grand Prix,RUS,Mercedes,11,4
2022,Emilia Romagna Grand Prix,BOT,Alfa Romeo,7,5
2022,Emilia Romagna Grand Prix,LEC,Ferrari,2,6
2022,Emilia Romagna Grand Prix,TSU,AlphaTauri,12,7
2022,Emilia Romagna Grand Prix,VET,Aston Martin,13,8
2022,Emilia Romagna Grand Prix,MAG,Haas F1 Team,8,9
2022,Emilia Romagna Grand Prix,STR,Aston Martin,15,10
2022,Emilia Romagna Grand Prix,ALB,Williams,18,11
2022,Emilia Romagna Grand Prix,GAS,AlphaTauri,17,12
2022,Emilia Romagna Grand Prix,HAM,Mercedes,14,13
2022,Emilia Romagna Grand Prix,OCO,Alpine,16,14
2022,Emilia Romagna Grand Prix,ZHO,Alfa Romeo,0,15
2022,Emilia Romagna Grand Prix,LAT,Williams,19,16
2022,Emilia Romagna Grand Prix,MSC,Haas F1 Team,10,17
2022,Emilia Romagna Grand Prix,RIC,McLaren,6,18
2022,Emilia Romagna Grand Prix,ALO,Alpine,9,19
2022,Emilia Romagna Grand Prix,SAI,Ferrari,4,20
2022,Miami Grand Prix,VER,Red Bull Racing,3,1
2022,Miami Grand Prix,LEC,Ferrari,1,2
2022,Miami Grand Prix,SAI,Ferrari,2,3
2022,Miami Grand Prix,PER,Red Bull Racing,4,4
2022,Miami Grand Prix,RUS,Mercedes,12,5
2022,Miami Grand Prix,HAM,Mercedes,6,6
2022,Miami Grand Prix,BOT,Alfa Romeo,5,7
2022,Miami Grand Prix,OCO,Alpine,20,8
2022,Miami Grand Prix,ALB,Williams,18,9
2022,Miami Grand Prix,STR,Aston Martin,0,10
2022,Miami Grand Prix,ALO,Alpine,11,11
2022,Miami Grand Prix,TSU,AlphaTauri,9,12
2022,Miami Grand Prix,RIC,McLaren,14,13
2022,Miami Grand Prix,LAT,Williams,19,14
2022,Miami Grand Prix,MSC,Haas F1 Team,15,15
2022,Miami Grand Prix,MAG,Haas F1 Team,16,16
2022,Miami Grand Prix,VET,Aston Martin,0,17
2022,Miami Grand Prix,GAS,AlphaTauri,7,18
2022,Miami Grand Prix,NOR,McLaren,8,19
2022,Miami Grand Prix,ZHO,Alfa Romeo,17,20
2022,Spanish Grand Prix,VER,Red Bull Racing,2,1
2022,Spanish Grand Prix,PER,Red Bull Racing,5,2
2022,Spanish Grand Prix,RUS,Mercedes,4,3
2022,Spanish Grand Prix,SAI,Ferrari,3,4
2022,Spanish Grand Prix,HAM,Mercedes,6,5
2022,Spanish Grand Prix,BOT,Alfa Romeo,7,6
2022,Spanish Grand Prix,OCO,Alpine,12,7
2022,Spanish Grand Prix,NOR,McLaren,11,8
2022,Spanish Grand Prix,ALO,Alpine,20,9
2022,Spanish Grand Prix,TSU,AlphaTauri,13,10
2022,Spanish Grand Prix,VET,Aston Martin,16,11
2022,Spanish Grand Prix,RIC,McLaren,9,12
2022,Spanish Grand Prix,GAS,AlphaTauri,14,13
2022,Spanish Grand Prix,MSC,Haas F1 Team,10,14
2022,Spanish Grand Prix,STR,Aston Martin,17,15
2022,Spanish Grand Prix,LAT,Williams,19,16
2022,Spanish Grand Prix,MAG,Haas F1 Team,8,17
2022,Spanish Grand Prix,ALB,Williams,18,18
2022,Spanish Grand Prix,ZHO,Alfa Romeo,15,19
2022,Spanish Grand Prix,LEC,Ferrari,1,20
2022,Monaco Grand Prix,PER,Red Bull Racing,3,1
2022,Monaco Grand Prix,SAI,Ferrari,2,2
2022,Monaco Grand Prix,VER,Red Bull Racing,4,3
2022,Monaco Grand Prix,LEC,Ferrari,1,4
2022,Monaco Grand Prix,RUS,Mercedes,6,5
2022,Monaco Grand Prix,NOR,McLaren,5,6
2022,Monaco Grand Prix,ALO,Alpine,7,7
2022,Monaco Grand Prix,HAM,Mercedes,8,8
2022,Monaco Grand Prix,BOT,Alfa Romeo,12,9
2022,Monaco Grand Prix,VET,Aston Martin,9,10
2022,Monaco Grand Prix,GAS,AlphaTauri,17,11
2022,Monaco Grand Prix,OCO,Alpine,10,12
2022,Monaco Grand Prix,RIC,McLaren,14,13
2022,Monaco Grand Prix,STR,Aston Martin,18,14
2022,Monaco Grand Prix,LAT,Williams,19,15
2022,Monaco Grand Prix,ZHO,Alfa Romeo,20,16
2022,Monaco Grand Prix,TSU,AlphaTauri,11,17
2022,Monaco Grand Prix,ALB,Williams,16,18
2022,Monaco Grand Prix,MSC,Haas F1 Team,15,19
2022,Monaco Grand Prix,MAG,Haas F1 Team,13,20
2022,Azerbaijan Grand Prix,VER,Red Bull Racing,3,1
2022,Azerbaijan Grand Prix,PER,Red Bull Racing,2,2
2022,Azerbaijan Grand Prix,RUS,Mercedes,5,3
2022,Azerbaijan Grand Prix,HAM,Mercedes,7,4
2022,Azerbaijan Grand Prix,GAS,AlphaTauri,6,5
2022,Azerbaijan Grand Prix,VET,Aston Martin,9,6
2022,Azerbaijan Grand Prix,ALO,Alpine,10,7
2022,Azerbaijan Grand Prix,RIC,McLaren,12,8
2022,Azerbaijan Grand Prix,NOR,McLaren,11,9
2022,Azerbaijan Grand Prix,OCO,Alpine,13,10
2022,Azerbaijan Grand Prix,BOT,Alfa Romeo,15,11
2022,Azerbaijan Grand Prix,ALB,Williams,17,12
2022,Azerbaijan Grand Prix,TSU,AlphaTauri,8,13
2022,Azerbaijan Grand Prix,MSC,Haas F1 Team,20,14
2022,Azerbaijan Grand Prix,LAT,Williams,18,15
2022,Azerbaijan Grand Prix,STR,Aston Martin,19,16
2022,Azerbaijan Grand Prix,MAG,Haas F1 Team,16,17
2022,Azerbaijan Grand Prix,ZHO,Alfa Romeo,14,18
2022,Azerbaijan Grand Prix,LEC,Ferrari,1,19
2022,Azerbaijan Grand Prix,SAI,Ferrari,4,20
2022,Canadian Grand Prix,VER,Red Bull Racing,1,1
2022,Canadian Grand Prix,SAI,Ferrari,3,2
2022,Canadian Grand Prix,HAM,Mercedes,4,3
2022,Canadian Grand Prix,RUS,Mercedes,8,4
2022,Canadian Grand Prix,LEC,Ferrari,19,5
2022,Canadian Grand Prix,OCO,Alpine,7,6
2022,Canadian Grand Prix,BOT,Alfa Romeo,11,7
2022,Canadian Grand Prix,ZHO,Alfa Romeo,10,8
2022,Canadian Grand Prix,ALO,Alpine,2,9
2022,Canadian Grand Prix,STR,Aston Martin,17,10
2022,Canadian Grand Prix,RIC,McLaren,9,11
2022,Canadian Grand Prix,VET,Aston Martin,16,12
2022,Canadian Grand Prix,ALB,Williams,12,13
2022,Canadian Grand Prix,GAS,AlphaTauri,15,14
2022,Canadian Grand Prix,NOR,McLaren,14,15
2022,Canadian Grand Prix,LAT,Williams,18,16
2022,Canadian Grand Prix,MAG,Haas F1 Team,5,17
2022,Canadian Grand Prix,TSU,AlphaTauri,20,18
2022,Canadian Grand Prix,MSC,Haas F1 Team,6,19
2022,Canadian Grand Prix,PER,Red Bull Racing,13,20
2022,British Grand Prix,SAI,Ferrari,1,1
2022,British Grand Prix,PER,Red Bull Racing,4,2
2022,British Grand Prix,HAM,Mercedes,5,3
2022,British Grand Prix,LEC,Ferrari,3,4
2022,British Grand Prix,ALO,Alpine,7,5
2022,British Grand Prix,NOR,McLaren,6,6
2022,British Grand Prix,VER,Red Bull Racing,2,7
2022,British Grand Prix,MSC,Haas F1 Team,19,8
2022,British Grand Prix,VET,Aston Martin,18,9
2022,British Grand Prix,MAG,Haas F1 Team,17,10
2022,British Grand Prix,STR,Aston Martin,20,11
2022,British Grand Prix,LAT,Williams,10,12
2022,British Grand Prix,RIC,McLaren,14,13
2022,British Grand Prix,TSU,AlphaTauri,13,14
2022,British Grand Prix,OCO,Alpine,15,15
2022,British Grand Prix,GAS,AlphaTauri,11,16
2022,British Grand Prix,BOT,Alfa Romeo,12,17
2022,British Grand Prix,RUS,Mercedes,8,18
2022,British Grand Prix,ZHO,Alfa Romeo,9,19
2022,British Grand Prix,ALB,Williams,16,20
2022,Austrian Grand Prix,LEC,Ferrari,2,1
2022,Austrian Grand Prix,VER,Red Bull Racing,1,2
2022,Austrian Grand Prix,HAM,Mercedes,8,3
2022,Austrian Grand Prix,RUS,Mercedes,4,4
2022,Austrian Grand Prix,OCO,Alpine,6,5
2022,Austrian Grand Prix,MSC,Haas F1 Team,9,6
2022,Austrian Grand Prix,NOR,McLaren,10,7
2022,Austrian Grand Prix,MAG,Haas F1 Team,7,8
2022,Austrian Grand Prix,RIC,McLaren,11,9
2022,Austrian Grand Prix,ALO,Alpine,19,10
2022,Austrian Grand Prix,BOT,Alfa Romeo,0,11
2022,Austrian Grand Prix,ALB,Williams,15,12
2022,Austrian Grand Prix,STR,Aston Martin,12,13
2022,Austrian Grand Prix,ZHO,Alfa Romeo,13,14
2022,Austrian Grand Prix,GAS,AlphaTauri,14,15
2022,Austrian Grand Prix,TSU,AlphaTauri,16,16
2022,Austrian Grand Prix,VET,Aston Martin,18,17
2022,Austrian Grand Prix,SAI,Ferrari,3,18
2022,Austrian Grand Prix,LAT,Williams,17,19
2022,Austrian Grand Prix,PER,Red Bull Racing,5,20
2022,French Grand Prix,VER,Red Bull Racing,2,1
2022,French Grand Prix,HAM,Mercedes,4,2
2022,French Grand Prix,RUS,Mercedes,6,3
2022,French Grand Prix,PER,Red Bull Racing,3,4
2022,French Grand Prix,SAI,Ferrari,19,5
2022,French Grand Prix,ALO,Alpine,7,6
2022,French Grand Prix,NOR,McLaren,5,7
2022,French Grand Prix,OCO,Alpine,10,8
2022,French Grand Prix,RIC,McLaren,9,9
2022,French Grand Prix,STR,Aston Martin,15,10
2022,French Grand Prix,VET,Aston Martin,12,11
2022,French Grand Prix,GAS,AlphaTauri,14,12
2022,French Grand Prix,ALB,Williams,13,13
2022,French Grand Prix,BOT,Alfa Romeo,11,14
2022,French Grand Prix,MSC,Haas F1 Team,17,15
2022,French Grand Prix,ZHO,Alfa Romeo,16,16
2022,French Grand Prix,LAT,Williams,18,17
2022,French Grand Prix,MAG,Haas F1 Team,20,18
2022,French Grand Prix,LEC,Ferrari,1,19
2022,French Grand Prix,TSU,AlphaTauri,8,20
2022,Hungarian Grand Prix,VER,Red Bull Racing,10,1
2022,Hungarian Grand Prix,HAM,Mercedes,7,2
2022,Hungarian Grand Prix,RUS,Mercedes,1,3
2022,Hungarian Grand Prix,SAI,Ferrari,2,4
2022,Hungarian Grand Prix,PER,Red Bull Racing,11,5
2022,Hungarian Grand Prix,LEC,Ferrari,3,6
2022,Hungarian Grand Prix,NOR,McLaren,4,7
2022,Hungarian Grand Prix,ALO,Alpine,6,8
2022,Hungarian Grand Prix,OCO,Alpine,5,9
2022,Hungarian Grand Prix,VET,Aston Martin,18,10
2022,Hungarian Grand Prix,STR,Aston Martin,14,11
2022,Hungarian Grand Prix,GAS,AlphaTauri,0,12
2022,Hungarian Grand Prix,ZHO,Alfa Romeo,12,13
2022,Hungarian Grand Prix,MSC,Haas F1 Team,15,14
2022,Hungarian Grand Prix,RIC,McLaren,9,15
2022,Hungarian Grand Prix,MAG,Haas F1 Team,13,16
2022,Hungarian Grand Prix,ALB,Williams,17,17
2022,Hungarian Grand Prix,LAT,Williams,19,18
2022,Hungarian Grand Prix,TSU,AlphaTauri,16,19
2022,Hungarian Grand Prix,BOT,Alfa Romeo,8,20
2022,Belgian Grand Prix,VER,Red Bull Racing,14,1
2022,Belgian Grand Prix,PER,Red Bull Racing,2,2
2022,Belgian Grand Prix,SAI,Ferrari,1,3
2022,Belgian Grand Prix,RUS,Mercedes,5,4
2022,Belgian Grand Prix,ALO,Alpine,3,5
2022,Belgian Grand Prix,LEC,Ferrari,15,6
2022,Belgian Grand Prix,OCO,Alpine,16,7
2022,Belgian Grand Prix,VET,Aston Martin,10,8
2022,Belgian Grand Prix,GAS,AlphaTauri,0,9
2022,Belgian Grand Prix,ALB,Williams,6,10
2022,Belgian Grand Prix,STR,Aston Martin,9,11
2022,Belgian Grand Prix,NOR,McLaren,17,12
2022,Belgian Grand Prix,TSU,AlphaTauri,0,13
2022,Belgian Grand Prix,ZHO,Alfa Romeo,18,14
2022,Belgian Grand Prix,RIC,McLaren,7,15
2022,Belgian Grand Prix,MAG,Haas F1 Team,12,16
2022,Belgian Grand Prix,MSC,Haas F1 Team,19,17
2022,Belgian Grand Prix,LAT,Williams,11,18
2022,Belgian Grand Prix,BOT,Alfa Romeo,13,19
2022,Belgian Grand Prix,HAM,Mercedes,4,20
2022,Dutch Grand Prix,VER,Red Bull Racing,1,1
2022,Dutch Grand Prix,RUS,Mercedes,6,2
2022,Dutch Grand Prix,LEC,Ferrari,2,3
2022,Dutch Grand Prix,HAM,Mercedes,4,4
2022,Dutch Grand Prix,PER,Red Bull Racing,5,5
2022,Dutch Grand Prix,ALO,Alpine,13,6
2022,Dutch Grand Prix,NOR,McLaren,7,7
2022,Dutch Grand Prix,SAI,Ferrari,3,8
2022,Dutch Grand Prix,OCO,Alpine,12,9
2022,Dutch Grand Prix,STR,Aston Martin,10,10
2022,Dutch Grand Prix,GAS,AlphaTauri,11,11
2022,Dutch Grand Prix,ALB,Williams,15,12
2022,Dutch Grand Prix,MSC,Haas F1 Team,8,13
2022,Dutch Grand Prix,VET,Aston Martin,19,14
2022,Dutch Grand Prix,MAG,Haas F1 Team,18,15
2022,Dutch Grand Prix,ZHO,Alfa Romeo,14,16
2022,Dutch Grand Prix,RIC,McLaren,17,17
2022,Dutch Grand Prix,LAT,Williams,20,18
2022,Dutch Grand Prix,BOT,Alfa Romeo,16,19
2022,Dutch Grand Prix,TSU,AlphaTauri,9,20
2022,Italian Grand Prix,VER,Red Bull Racing,7,1
2022,Italian Grand Prix,LEC,Ferrari,1,2
2022,Italian Grand Prix,RUS,Mercedes,2,3
2022,Italian Grand Prix,SAI,Ferrari,18,4
2022,Italian Grand Prix,HAM,Mercedes,19,5
2022,Italian Grand Prix,PER,Red Bull Racing,13,6
2022,Italian Grand Prix,NOR,McLaren,3,7
2022,Italian Grand Prix,GAS,AlphaTauri,5,8
2022,Italian Grand Prix,DEV,Williams,8,9
2022,Italian Grand Prix,ZHO,Alfa Romeo,9,10
2022,Italian Grand Prix,OCO,Alpine,14,11
2022,Italian Grand Prix,MSC,Haas F1 Team,17,12
2022,Italian Grand Prix,BOT,Alfa Romeo,15,13
2022,Italian Grand Prix,TSU,AlphaTauri,20,14
2022,Italian Grand Prix,LAT,Williams,10,15
2022,Italian Grand Prix,MAG,Haas F1 Team,16,16
2022,Italian Grand Prix,RIC,McLaren,4,17
2022,Italian Grand Prix,STR,Aston Martin,12,18
2022,Italian Grand Prix,ALO,Alpine,6,19
2022,Italian Grand Prix,VET,Aston Martin,11,20
2022,Singapore Grand Prix,PER,Red Bull Racing,2,1
2022,Singapore Grand Prix,LEC,Ferrari,1,2
2022,Singapore Grand Prix,SAI,Ferrari,4,3
2022,Singapore Grand Prix,NOR,McLaren,6,4
2022,Singapore Grand Prix,RIC,McLaren,16,5
2022,Singapore Grand Prix,STR,Aston Martin,11,6
2022,Singapore Grand Prix,VER,Red Bull Racing,8,7
2022,Singapore Grand Prix,VET,Aston Martin,13,8
2022,Singapore Grand Prix,HAM,Mercedes,3,9
2022,Singapore Grand Prix,GAS,AlphaTauri,7,10
2022,Singapore Grand Prix,BOT,Alfa Romeo,15,11
2022,Singapore Grand Prix,MAG,Haas F1 Team,9,12
2022,Singapore Grand Prix,MSC,Haas F1 Team,12,13
2022,Singapore Grand Prix,RUS,Mercedes,0,14
2022,Singapore Grand Prix,TSU,AlphaTauri,10,15
2022,Singapore Grand Prix,OCO,Alpine,17,16
2022,Singapore Grand Prix,ALB,Williams,18,17
2022,Singapore Grand Prix,ALO,Alpine,5,18
2022,Singapore Grand Prix,LAT,Williams,19,19
2022,Singapore Grand Prix,ZHO,Alfa Romeo,14,20
2022,Japanese Grand Prix,VER,Red Bull Racing,1,1
2022,Japanese Grand Prix,PER,Red Bull Racing,4,2
2022,Japanese Grand Prix,LEC,Ferrari,2,3
2022,Japanese Grand Prix,OCO,Alpine,5,4
2022,Japanese Grand Prix,HAM,Mercedes,6,5
2022,Japanese Grand Prix,VET,Aston Martin,9,6
2022,Japanese Grand Prix,ALO,Alpine,7,7
2022,Japanese Grand Prix,RUS,Mercedes,8,8
2022,Japanese Grand Prix,LAT,Williams,20,9
2022,Japanese Grand Prix,NOR,McLaren,10,10
2022,Japanese Grand Prix,RIC,McLaren,11,11
2022,Japanese Grand Prix,STR,Aston Martin,19,12
2022,Japanese Grand Prix,TSU,AlphaTauri,13,13
2022,Japanese Grand Prix,MAG,Haas F1 Team,18,14
2022,Japanese Grand Prix,BOT,Alfa Romeo,12,15
2022,Japanese Grand Prix,ZHO,Alfa Romeo,14,16
2022,Japanese Grand Prix,MSC,Haas F1 Team,15,17
2022,Japanese Grand Prix,GAS,AlphaTauri,17,18
2022,Japanese Grand Prix,SAI,Ferrari,3,19
2022,Japanese Grand Prix,ALB,Williams,16,20
2022,United States Grand Prix,VER,Red Bull Racing,2,1
2022,United States Grand Prix,HAM,Mercedes,3,2
2022,United States Grand Prix,LEC,Ferrari,12,3
2022,United States Grand Prix,PER,Red Bull Racing,9,4
2022,United States Grand Prix,RUS,Mercedes,4,5
2022,United States Grand Prix,NOR,McLaren,6,6
2022,United States Grand Prix,ALO,Alpine,14,7
2022,United States Grand Prix,VET,Aston Martin,10,8
2022,United States Grand Prix,MAG,Haas F1 Team,13,9
2022,United States Grand Prix,TSU,AlphaTauri,19,10
2022,United States Grand Prix,OCO,Alpine,0,11
2022,United States Grand Prix,ZHO,Alfa Romeo,18,12
2022,United States Grand Prix,ALB,Williams,8,13
2022,United States Grand Prix,GAS,AlphaTauri,11,14
2022,United States Grand Prix,MSC,Haas F1 Team,16,15
2022,United States Grand Prix,RIC,McLaren,15,16
2022,United States Grand Prix,LAT,Williams,17,17
2022,United States Grand Prix,STR,Aston Martin,5,18
2022,United States Grand Prix,BOT,Alfa Romeo,7,19
2022,United States Grand Prix,SAI,Ferrari,1,20
2022,Mexico City Grand Prix,VER,Red Bull Racing,1,1
2022,Mexico City Grand Prix,HAM,Mercedes,3,2
2022,Mexico City Grand Prix,PER,Red Bull Racing,4,3
2022,Mexico City Grand Prix,RUS,Mercedes,2,4
2022,Mexico City Grand Prix,SAI,Ferrari,5,5
2022,Mexico City Grand Prix,LEC,Ferrari,7,6
2022,Mexico City Grand Prix,RIC,McLaren,11,7
2022,Mexico City Grand Prix,OCO,Alpine,10,8
2022,Mexico City Grand Prix,NOR,McLaren,8,9
2022,Mexico City Grand Prix,BOT,Alfa Romeo,6,10
2022,Mexico City Grand Prix,GAS,AlphaTauri,14,11
2022,Mexico City Grand Prix,ALB,Williams,17,12
2022,Mexico City Grand Prix,ZHO,Alfa Romeo,12,13
2022,Mexico City Grand Prix,VET,Aston Martin,16,14
2022,Mexico City Grand Prix,STR,Aston Martin,20,15
2022,Mexico City Grand Prix,MSC,Haas F1 Team,15,16
2022,Mexico City Grand Prix,MAG,Haas F1 Team,19,17
2022,Mexico City Grand Prix,LAT,Williams,18,18
2022,Mexico City Grand Prix,ALO,Alpine,9,19
2022,Mexico City Grand Prix,TSU,AlphaTauri,13,20
2022,São Paulo Grand Prix,RUS,Mercedes,1,1
2022,São Paulo Grand Prix,HAM,Mercedes,2,2
2022,São Paulo Grand Prix,SAI,Ferrari,7,3
2022,São Paulo Grand Prix,LEC,Ferrari,5,4
2022,São Paulo Grand Prix,ALO,Alpine,17,5
2022,São Paulo Grand Prix,VER,Red Bull Racing,3,6
2022,São Paulo Grand Prix,PER,Red Bull Racing,4,7
2022,São Paulo Grand Prix,OCO,Alpine,16,8
2022,São Paulo Grand Prix,BOT,Alfa Romeo,14,9
2022,São Paulo Grand Prix,STR,Aston Martin,15,10
2022,São Paulo Grand Prix,VET,Aston Martin,9,11
2022,São Paulo Grand Prix,ZHO,Alfa Romeo,13,12
2022,São Paulo Grand Prix,MSC,Haas F1 Team,12,13
2022,São Paulo Grand Prix,GAS,AlphaTauri,10,14
2022,São Paulo Grand Prix,ALB,Williams,19,15
2022,São Paulo Grand Prix,LAT,Williams,18,16
2022,São Paulo Grand Prix,TSU,AlphaTauri,0,17
2022,São Paulo Grand Prix,NOR,McLaren,6,18
2022,São Paulo Grand Prix,MAG,Haas F1 Team,8,19
2022,São Paulo Grand Prix,RIC,McLaren,11,20
2022,Abu Dhabi Grand Prix,VER,Red Bull Racing,1,1
2022,Abu Dhabi Grand Prix,LEC,Ferrari,3,2
2022,Abu Dhabi Grand Prix,PER,Red Bull Racing,2,3
2022,Abu Dhabi Grand Prix,SAI,Ferrari,4,4
2022,Abu Dhabi Grand Prix,RUS,Mercedes,6,5
2022,Abu Dhabi Grand Prix,NOR,McLaren,7,6
2022,Abu Dhabi Grand Prix,OCO,Alpine,8,7
2022,Abu Dhabi Grand Prix,STR,Aston Martin,14,8
2022,Abu Dhabi Grand Prix,RIC,McLaren,13,9
2022,Abu Dhabi Grand Prix,VET,Aston Martin,9,10
2022,Abu Dhabi Grand Prix,TSU,AlphaTauri,11,11
2022,Abu Dhabi Grand Prix,ZHO,Alfa Romeo,15,12
2022,Abu Dhabi Grand Prix,ALB,Williams,19,13
2022,Abu Dhabi Grand Prix,GAS,AlphaTauri,17,14
2022,Abu Dhabi Grand Prix,BOT,Alfa Romeo,18,15
2022,Abu Dhabi Grand Prix,MSC,Haas F1 Team,12,16
2022,Abu Dhabi Grand Prix,MAG,Haas F1 Team,16,17
2022,Abu Dhabi Grand Prix,HAM,Mercedes,5,18
2022,Abu Dhabi Grand Prix,LAT,Williams,20,19
2022,Abu Dhabi Grand Prix,ALO,Alpine,10,20
2023,Bahrain Grand Prix,VER,Red Bull Racing,1,1
2023,Bahrain Grand Prix,PER,Red Bull Racing,2,2
2023,Bahrain Grand Prix,ALO,Aston Martin,5,3
2023,Bahrain Grand Prix,SAI,Ferrari,4,4
2023,Bahrain Grand Prix,HAM,Mercedes,7,5
2023,Bahrain Grand Prix,STR,Aston Martin,8,6
2023,Bahrain Grand Prix,RUS,Mercedes,6,7
2023,Bahrain Grand Prix,BOT,Alfa Romeo,12,8
2023,Bahrain Grand Prix,GAS,Alpine,20,9
2023,Bahrain Grand Prix,ALB,Williams,15,10
2023,Bahrain Grand Prix,TSU,AlphaTauri,14,11
2023,Bahrain Grand Prix,SAR,Williams,16,12
2023,Bahrain Grand Prix,MAG,Haas F1 Team,17,13
2023,Bahrain Grand Prix,DEV,AlphaTauri,19,14
2023,Bahrain Grand Prix,HUL,Haas F1 Team,10,15
2023,Bahrain Grand Prix,ZHO,Alfa Romeo,13,16
2023,Bahrain Grand Prix,NOR,McLaren,11,17
2023,Bahrain Grand Prix,OCO,Alpine,9,18
2023,Bahrain Grand Prix,LEC,Ferrari,3,19
2023,Bahrain Grand Prix,PIA,McLaren,18,20
2023,Saudi Arabian Grand Prix,PER,Red Bull Racing,1,1
2023,Saudi Arabian Grand Prix,VER,Red Bull Racing,15,2
2023,Saudi Arabian Grand Prix,ALO,Aston Martin,2,3
2023,Saudi Arabian Grand Prix,RUS,Mercedes,3,4
2023,Saudi Arabian Grand Prix,HAM,Mercedes,7,5
2023,Saudi Arabian Grand Prix,SAI,Ferrari,4,6
2023,Saudi Arabian Grand Prix,LEC,Ferrari,12,7
2023,Saudi Arabian Grand Prix,OCO,Alpine,6,8
2023,Saudi Arabian Grand Prix,GAS,Alpine,9,9
2023,Saudi Arabian Grand Prix,MAG,Haas F1 Team,13,10
2023,Saudi Arabian Grand Prix,TSU,AlphaTauri,16,11
2023,Saudi Arabian Grand Prix,HUL,Haas F1 Team,10,12
2023,Saudi Arabian Grand Prix,ZHO,Alfa Romeo,11,13
2023,Saudi Arabian Grand Prix,DEV,AlphaTauri,18,14
2023,Saudi Arabian Grand Prix,PIA,McLaren,8,15
2023,Saudi Arabian Grand Prix,SAR,Williams,20,16
2023,Saudi Arabian Grand Prix,NOR,McLaren,19,17
2023,Saudi Arabian Grand Prix,BOT,Alfa Romeo,14,18
2023,Saudi Arabian Grand Prix,ALB,Williams,17,19
2023,Saudi Arabian Grand Prix,STR,Aston Martin,5,20
2023,Australian Grand Prix,VER,Red Bull Racing,1,1
2023,Australian Grand Prix,HAM,Mercedes,3,2
2023,Australian Grand Prix,ALO,Aston Martin,4,3
2023,Australian Grand Prix,STR,Aston Martin,6,4
2023,Australian Grand Prix,PER,Red Bull Racing,20,5
2023,Australian Grand Prix,NOR,McLaren,13,6
2023,Australian Grand Prix,HUL,Haas F1 Team,10,7
2023,Australian Grand Prix,PIA,McLaren,16,8
2023,Australian Grand Prix,ZHO,Alfa Romeo,17,9
2023,Australian Grand Prix,TSU,AlphaTauri,12,10
2023,Australian Grand Prix,BOT,Alfa Romeo,19,11
2023,Australian Grand Prix,SAI,Ferrari,5,12
2023,Australian Grand Prix,GAS,Alpine,9,13
2023,Australian Grand Prix,OCO,Alpine,11,14
2023,Australian Grand Prix,DEV,AlphaTauri,15,15
2023,Australian Grand Prix,SAR,Williams,18,16
2023,Australian Grand Prix,MAG,Haas F1 Team,14,17
2023,Australian Grand Prix,RUS,Mercedes,2,18
2023,Australian Grand Prix,ALB,Williams,8,19
2023,Australian Grand Prix,LEC,Ferrari,7,20
2023,Azerbaijan Grand Prix,PER,Red Bull Racing,3,1
2023,Azerbaijan Grand Prix,VER,Red Bull Racing,2,2
2023,Azerbaijan Grand Prix,LEC,Ferrari,1,3
2023,Azerbaijan Grand Prix,ALO,Aston Martin,6,4
2023,Azerbaijan Grand Prix,SAI,Ferrari,4,5
2023,Azerbaijan Grand Prix,HAM,Mercedes,5,6
2023,Azerbaijan Grand Prix,STR,Aston Martin,9,7
2023,Azerbaijan Grand Prix,RUS,Mercedes,11,8
2023,Azerbaijan Grand Prix,NOR,McLaren,7,9
2023,Azerbaijan Grand Prix,TSU,AlphaTauri,8,10
2023,Azerbaijan Grand Prix,PIA,McLaren,10,11
2023,Azerbaijan Grand Prix,ALB,Williams,12,12
2023,Azerbaijan Grand Prix,MAG,Haas F1 Team,16,13
2023,Azerbaijan Grand Prix,GAS,Alpine,17,14
2023,Azerbaijan Grand Prix,OCO,Alpine,19,15
2023,Azerbaijan Grand Prix,SAR,Williams,14,16
2023,Azerbaijan Grand Prix,HUL,Haas F1 Team,20,17
2023,Azerbaijan Grand Prix,BOT,Alfa Romeo,13,18
2023,Azerbaijan Grand Prix,ZHO,Alfa Romeo,15,19
2023,Azerbaijan Grand Prix,DEV,AlphaTauri,18,20
2023,Miami Grand Prix,VER,Red Bull Racing,9,1
2023,Miami Grand Prix,PER,Red Bull Racing,1,2
2023,Miami Grand Prix,ALO,Aston Martin,2,3
2023,Miami Grand Prix,RUS,Mercedes,6,4
2023,Miami Grand Prix,SAI,Ferrari,3,5
2023,Miami Grand Prix,HAM,Mercedes,13,6
2023,Miami Grand Prix,LEC,Ferrari,7,7
2023,Miami Grand Prix,GAS,Alpine,5,8
2023,Miami Grand Prix,OCO,Alpine,8,9
2023,Miami Grand Prix,MAG,Haas F1 Team,4,10
2023,Miami Grand Prix,TSU,AlphaTauri,17,11
2023,Miami Grand Prix,STR,Aston Martin,18,12
2023,Miami Grand Prix,BOT,Alfa Romeo,10,13
2023,Miami Grand Prix,ALB,Williams,11,14
2023,Miami Grand Prix,HUL,Haas F1 Team,12,15
2023,Miami Grand Prix,ZHO,Alfa Romeo,14,16
2023,Miami Grand Prix,NOR,McLaren,16,17
2023,Miami Grand Prix,DEV,AlphaTauri,15,18
2023,Miami Grand Prix,PIA,McLaren,19,19
2023,Miami Grand Prix,SAR,Williams,20,20
2023,Monaco Grand Prix,VER,Red Bull Racing,1,1
2023,Monaco Grand Prix,ALO,Aston Martin,2,2
2023,Monaco Grand Prix,OCO,Alpine,3,3
2023,Monaco Grand Prix,HAM,Mercedes,5,4
2023,Monaco Grand Prix,RUS,Mercedes,8,5
2023,Monaco Grand Prix,LEC,Ferrari,6,6
2023,Monaco Grand Prix,GAS,Alpine,7,7
2023,Monaco Grand Prix,SAI,Ferrari,4,8
2023,Monaco Grand Prix,NOR,McLaren,10,9
2023,Monaco Grand Prix,PIA,McLaren,11,10
2023,Monaco Grand Prix,BOT,Alfa Romeo,15,11
2023,Monaco Grand Prix,DEV,AlphaTauri,12,12
2023,Monaco Grand Prix,ZHO,Alfa Romeo,19,13
2023,Monaco Grand Prix,ALB,Williams,13,14
2023,Monaco Grand Prix,TSU,AlphaTauri,9,15
2023,Monaco Grand Prix,PER,Red Bull Racing,20,16
2023,Monaco Grand Prix,HUL,Haas F1 Team,18,17
2023,Monaco Grand Prix,SAR,Williams,16,18
2023,Monaco Grand Prix,MAG,Haas F1 Team,17,19
2023,Monaco Grand Prix,STR,Aston Martin,14,20
2023,Spanish Grand Prix,VER,Red Bull Racing,1,1
2023,Spanish Grand Prix,HAM,Mercedes,4,2
2023,Spanish Grand Prix,RUS,Mercedes,12,3
2023,Spanish Grand Prix,PER,Red Bull Racing,11,4
2023,Spanish Grand Prix,SAI,Ferrari,2,5
2023,Spanish Grand Prix,STR,Aston Martin,5,6
2023,Spanish Grand Prix,ALO,Aston Martin,8,7
2023,Spanish Grand Prix,OCO,Alpine,6,8
2023,Spanish Grand Prix,ZHO,Alfa Romeo,13,9
2023,Spanish Grand Prix,GAS,Alpine,10,10
2023,Spanish Grand Prix,LEC,Ferrari,19,11
2023,Spanish Grand Prix,TSU,AlphaTauri,15,12
2023,Spanish Grand Prix,PIA,McLaren,9,13
2023,Spanish Grand Prix,DEV,AlphaTauri,14,14
2023,Spanish Grand Prix,HUL,Haas F1 Team,7,15
2023,Spanish Grand Prix,ALB,Williams,18,16
2023,Spanish Grand Prix,NOR,McLaren,3,17
2023,Spanish Grand Prix,MAG,Haas F1 Team,17,18
2023,Spanish Grand Prix,BOT,Alfa Romeo,16,19
2023,Spanish Grand Prix,SAR,Williams,20,20
2023,Canadian Grand Prix,VER,Red Bull Racing,1,1
2023,Canadian Grand Prix,ALO,Aston Martin,2,2
2023,Canadian Grand Prix,HAM,Mercedes,3,3
2023,Canadian Grand Prix,LEC,Ferrari,10,4
2023,Canadian Grand Prix,SAI,Ferrari,11,5
2023,Canadian Grand Prix,PER,Red Bull Racing,12,6
2023,Canadian Grand Prix,ALB,Williams,9,7
2023,Canadian Grand Prix,OCO,Alpine,6,8
2023,Canadian Grand Prix,STR,Aston Martin,16,9
2023,Canadian Grand Prix,BOT,Alfa Romeo,14,10
2023,Canadian Grand Prix,PIA,McLaren,8,11
2023,Canadian Grand Prix,GAS,Alpine,15,12
2023,Canadian Grand Prix,NOR,McLaren,7,13
2023,Canadian Grand Prix,TSU,AlphaTauri,19,14
2023,Canadian Grand Prix,HUL,Haas F1 Team,5,15
2023,Canadian Grand Prix,ZHO,Alfa Romeo,20,16
2023,Canadian Grand Prix,MAG,Haas F1 Team,13,17
2023,Canadian Grand Prix,DEV,AlphaTauri,17,18
2023,Canadian Grand Prix,RUS,Mercedes,4,19
2023,Canadian Grand Prix,SAR,Williams,18,20
2023,Austrian Grand Prix,VER,Red Bull Racing,1,1
2023,Austrian Grand Prix,LEC,Ferrari,2,2
2023,Austrian Grand Prix,PER,Red Bull Racing,15,3
2023,Austrian Grand Prix,NOR,McLaren,4,4
2023,Austrian Grand Prix,ALO,Aston Martin,7,5
2023,Austrian Grand Prix,SAI,Ferrari,3,6
2023,Austrian Grand Prix,RUS,Mercedes,11,7
2023,Austrian Grand Prix,HAM,Mercedes,5,8
2023,Austrian Grand Prix,STR,Aston Martin,6,9
2023,Austrian Grand Prix,GAS,Alpine,9,10
2023,Austrian Grand Prix,ALB,Williams,10,11
2023,Austrian Grand Prix,ZHO,Alfa Romeo,17,12
2023,Austrian Grand Prix,SAR,Williams,18,13
2023,Austrian Grand Prix,OCO,Alpine,12,14
2023,Austrian Grand Prix,BOT,Alfa Romeo,14,15
2023,Austrian Grand Prix,PIA,McLaren,13,16
2023,Austrian Grand Prix,DEV,AlphaTauri,20,17
2023,Austrian Grand Prix,MAG,Haas F1 Team,19,18
2023,Austrian Grand Prix,TSU,AlphaTauri,16,19
2023,Austrian Grand Prix,HUL,Haas F1 Team,8,20
2023,British Grand Prix,VER,Red Bull Racing,1,1
2023,British Grand Prix,NOR,McLaren,2,2
2023,British Grand Prix,HAM,Mercedes,7,3
2023,British Grand Prix,PIA,McLaren,3,4
2023,British Grand Prix,RUS,Mercedes,6,5
2023,British Grand Prix,PER,Red Bull Racing,15,6
2023,British Grand Prix,ALO,Aston Martin,9,7
2023,British Grand Prix,ALB,Williams,8,8
2023,British Grand Prix,LEC,Ferrari,4,9
2023,British Grand Prix,SAI,Ferrari,5,10
2023,British Grand Prix,SAR,Williams,14,11
2023,British Grand Prix,BOT,Alfa Romeo,20,12
2023,British Grand Prix,HUL,Haas F1 Team,11,13
2023,British Grand Prix,STR,Aston Martin,12,14
2023,British Grand Prix,ZHO,Alfa Romeo,17,15
2023,British Grand Prix,TSU,AlphaTauri,16,16
2023,British Grand Prix,DEV,AlphaTauri,18,17
2023,British Grand Prix,GAS,Alpine,10,18
2023,British Grand Prix,MAG,Haas F1 Team,19,19
2023,British Grand Prix,OCO,Alpine,13,20
2023,Hungarian Grand Prix,VER,Red Bull Racing,2,1
2023,Hungarian Grand Prix,NOR,McLaren,3,2
2023,Hungarian Grand Prix,PER,Red Bull Racing,9,3
2023,Hungarian Grand Prix,HAM,Mercedes,1,4
2023,Hungarian Grand Prix,PIA,McLaren,4,5
2023,Hungarian Grand Prix,RUS,Mercedes,18,6
2023,Hungarian Grand Prix,LEC,Ferrari,6,7
2023,Hungarian Grand Prix,SAI,Ferrari,11,8
2023,Hungarian Grand Prix,ALO,Aston Martin,8,9
2023,Hungarian Grand Prix,STR,Aston Martin,14,10
2023,Hungarian Grand Prix,ALB,Williams,16,11
2023,Hungarian Grand Prix,BOT,Alfa Romeo,7,12
2023,Hungarian Grand Prix,RIC,AlphaTauri,13,13
2023,Hungarian Grand Prix,HUL,Haas F1 Team,10,14
2023,Hungarian Grand Prix,TSU,AlphaTauri,17,15
2023,Hungarian Grand Prix,ZHO,Alfa Romeo,5,16
2023,Hungarian Grand Prix,MAG,Haas F1 Team,19,17
2023,Hungarian Grand Prix,SAR,Williams,20,18
2023,Hungarian Grand Prix,OCO,Alpine,12,19
2023,Hungarian Grand Prix,GAS,Alpine,15,20
2023,Belgian Grand Prix,VER,Red Bull Racing,6,1
2023,Belgian Grand Prix,PER,Red Bull Racing,2,2
2023,Belgian Grand Prix,LEC,Ferrari,1,3
2023,Belgian Grand Prix,HAM,Mercedes,3,4
2023,Belgian Grand Prix,ALO,Aston Martin,9,5
2023,Belgian Grand Prix,RUS,Mercedes,8,6
2023,Belgian Grand Prix,NOR,McLaren,7,7
2023,Belgian Grand Prix,OCO,Alpine,14,8
2023,Belgian Grand Prix,STR,Aston Martin,10,9
2023,Belgian Grand Prix,TSU,AlphaTauri,11,10
2023,Belgian Grand Prix,GAS,Alpine,12,11
2023,Belgian Grand Prix,BOT,Alfa Romeo,13,12
2023,Belgian Grand Prix,ZHO,Alfa Romeo,17,13
2023,Belgian Grand Prix,ALB,Williams,15,14
2023,Belgian Grand Prix,MAG,Haas F1 Team,16,15
2023,Belgian Grand Prix,RIC,AlphaTauri,19,16
2023,Belgian Grand Prix,SAR,Williams,18,17
2023,Belgian Grand Prix,HUL,Haas F1 Team,20,18
2023,Belgian Grand Prix,SAI,Ferrari,4,19
2023,Belgian Grand Prix,PIA,McLaren,5,20
2023,Italian Grand Prix,VER,Red Bull Racing,2,1
2023,Italian Grand Prix,PER,Red Bull Racing,5,2
2023,Italian Grand Prix,SAI,Ferrari,1,3
2023,Italian Grand Prix,LEC,Ferrari,3,4
2023,Italian Grand Prix,RUS,Mercedes,4,5
2023,Italian Grand Prix,HAM,Mercedes,8,6
2023,Italian Grand Prix,ALB,Williams,6,7
2023,Italian Grand Prix,NOR,McLaren,9,8
2023,Italian Grand Prix,ALO,Aston Martin,10,9
2023,Italian Grand Prix,BOT,Alfa Romeo,14,10
2023,Italian Grand Prix,LAW,AlphaTauri,12,11
2023,Italian Grand Prix,PIA,McLaren,7,12
2023,Italian Grand Prix,SAR,Williams,15,13
2023,Italian Grand Prix,ZHO,Alfa Romeo,16,14
2023,Italian Grand Prix,GAS,Alpine,17,15
2023,Italian Grand Prix,STR,Aston Martin,20,16
2023,Italian Grand Prix,HUL,Haas F1 Team,13,17
2023,Italian Grand Prix,MAG,Haas F1 Team,19,18
2023,Italian Grand Prix,OCO,Alpine,18,19
2023,Italian Grand Prix,TSU,AlphaTauri,11,20
2023,Singapore Grand Prix,SAI,Ferrari,1,1
2023,Singapore Grand Prix,NOR,McLaren,4,2
2023,Singapore Grand Prix,HAM,Mercedes,5,3
2023,Singapore Grand Prix,LEC,Ferrari,3,4
2023,Singapore Grand Prix,VER,Red Bull Racing,11,5
2023,Singapore Grand Prix,GAS,Alpine,12,6
2023,Singapore Grand Prix,PIA,McLaren,17,7
2023,Singapore Grand Prix,PER,Red Bull Racing,13,8
2023,Singapore Grand Prix,LAW,AlphaTauri,10,9
2023,Singapore Grand Prix,MAG,Haas F1 Team,6,10
2023,Singapore Grand Prix,ALB,Williams,14,11
2023,Singapore Grand Prix,ZHO,Alfa Romeo,19,12
2023,Singapore Grand Prix,HUL,Haas F1 Team,9,13
2023,Singapore Grand Prix,SAR,Williams,18,14
2023,Singapore Grand Prix,ALO,Aston Martin,7,15
2023,Singapore Grand Prix,RUS,Mercedes,2,16
2023,Singapore Grand Prix,BOT,Alfa Romeo,16,17
2023,Singapore Grand Prix,OCO,Alpine,8,18
2023,Singapore Grand Prix,TSU,AlphaTauri,15,19
2023,Japanese Grand Prix,VER,Red Bull Racing,1,1
2023,Japanese Grand Prix,NOR,McLaren,3,2
2023,Japanese Grand Prix,PIA,McLaren,2,3
2023,Japanese Grand Prix,LEC,Ferrari,4,4
2023,Japanese Grand Prix,HAM,Mercedes,7,5
2023,Japanese Grand Prix,SAI,Ferrari,6,6
2023,Japanese Grand Prix,RUS,Mercedes,8,7
2023,Japanese Grand Prix,ALO,Aston Martin,10,8
2023,Japanese Grand Prix,OCO,Alpine,14,9
2023,Japanese Grand Prix,GAS,Alpine,12,10
2023,Japanese Grand Prix,LAW,AlphaTauri,11,11
2023,Japanese Grand Prix,TSU,AlphaTauri,9,12
2023,Japanese Grand Prix,ZHO,Alfa Romeo,19,13
2023,Japanese Grand Prix,HUL,Haas F1 Team,18,14
2023,Japanese Grand Prix,MAG,Haas F1 Team,15,15
2023,Japanese Grand Prix,ALB,Williams,13,16
2023,Japanese Grand Prix,SAR,Williams,20,17
2023,Japanese Grand Prix,STR,Aston Martin,17,18
2023,Japanese Grand Prix,PER,Red Bull Racing,5,19
2023,Japanese Grand Prix,BOT,Alfa Romeo,16,20
2023,Qatar Grand Prix,VER,Red Bull Racing,1,1
2023,Qatar Grand Prix,PIA,McLaren,6,2
2023,Qatar Grand Prix,NOR,McLaren,10,3
2023,Qatar Grand Prix,RUS,Mercedes,2,4
2023,Qatar Grand Prix,LEC,Ferrari,5,5
2023,Qatar Grand Prix,ALO,Aston Martin,4,6
2023,Qatar Grand Prix,OCO,Alpine,8,7
2023,Qatar Grand Prix,BOT,Alfa Romeo,9,8
2023,Qatar Grand Prix,ZHO,Alfa Romeo,19,9
2023,Qatar Grand Prix,PER,Red Bull Racing,20,10
2023,Qatar Grand Prix,STR,Aston Martin,16,11
2023,Qatar Grand Prix,GAS,Alpine,7,12
2023,Qatar Grand Prix,ALB,Williams,13,13
2023,Qatar Grand Prix,MAG,Haas F1 Team,18,14
2023,Qatar Grand Prix,TSU,AlphaTauri,11,15
2023,Qatar Grand Prix,HUL,Haas F1 Team,14,16
2023,Qatar Grand Prix,LAW,AlphaTauri,17,17
2023,Qatar Grand Prix,SAR,Williams,15,18
2023,Qatar Grand Prix,HAM,Mercedes,3,19
2023,Qatar Grand Prix,SAI,Ferrari,12,20
2023,United States Grand Prix,VER,Red Bull Racing,6,1
2023,United States Grand Prix,NOR,McLaren,2,2
2023,United States Grand Prix,SAI,Ferrari,4,3
2023,United States Grand Prix,PER,Red Bull Racing,9,4
2023,United States Grand Prix,RUS,Mercedes,5,5
2023,United States Grand Prix,GAS,Alpine,7,6
2023,United States Grand Prix,STR,Aston Martin,20,7
2023,United States Grand Prix,TSU,AlphaTauri,11,8
2023,United States Grand Prix,ALB,Williams,15,9
2023,United States Grand Prix,SAR,Williams,16,10
2023,United States Grand Prix,HUL,Haas F1 Team,18,11
2023,United States Grand Prix,BOT,Alfa Romeo,13,12
2023,United States Grand Prix,ZHO,Alfa Romeo,12,13
2023,United States Grand Prix,MAG,Haas F1 Team,17,14
2023,United States Grand Prix,RIC,AlphaTauri,14,15
2023,United States Grand Prix,ALO,Aston Martin,19,16
2023,United States Grand Prix,PIA,McLaren,10,17
2023,United States Grand Prix,OCO,Alpine,8,18
2023,United States Grand Prix,HAM,Mercedes,3,19
2023,United States Grand Prix,LEC,Ferrari,1,20
2023,Mexico City Grand Prix,VER,Red Bull Racing,3,1
2023,Mexico City Grand Prix,HAM,Mercedes,6,2
2023,Mexico City Grand Prix,LEC,Ferrari,1,3
2023,Mexico City Grand Prix,SAI,Ferrari,2,4
2023,Mexico City Grand Prix,NOR,McLaren,17,5
2023,Mexico City Grand Prix,RUS,Mercedes,8,6
2023,Mexico City Grand Prix,RIC,AlphaTauri,4,7
2023,Mexico City Grand Prix,PIA,McLaren,7,8
2023,Mexico City Grand Prix,ALB,Williams,14,9
2023,Mexico City Grand Prix,OCO,Alpine,15,10
2023,Mexico City Grand Prix,GAS,Alpine,11,11
2023,Mexico City Grand Prix,TSU,AlphaTauri,18,12
2023,Mexico City Grand Prix,HUL,Haas F1 Team,12,13
2023,Mexico City Grand Prix,ZHO,Alfa Romeo,10,14
2023,Mexico City Grand Prix,BOT,Alfa Romeo,9,15
2023,Mexico City Grand Prix,SAR,Williams,19,16
2023,Mexico City Grand Prix,STR,Aston Martin,0,17
2023,Mexico City Grand Prix,ALO,Aston Martin,13,18
2023,Mexico City Grand Prix,MAG,Haas F1 Team,16,19
2023,Mexico City Grand Prix,PER,Red Bull Racing,5,20
2023,São Paulo Grand Prix,VER,Red Bull Racing,1,1
2023,São Paulo Grand Prix,NOR,McLaren,6,2
2023,São Paulo Grand Prix,ALO,Aston Martin,4,3
2023,São Paulo Grand Prix,PER,Red Bull Racing,9,4
2023,São Paulo Grand Prix,STR,Aston Martin,3,5
2023,São Paulo Grand Prix,SAI,Ferrari,7,6
2023,São Paulo Grand Prix,GAS,Alpine,15,7
2023,São Paulo Grand Prix,HAM,Mercedes,5,8
2023,São Paulo Grand Prix,TSU,AlphaTauri,16,9
2023,São Paulo Grand Prix,OCO,Alpine,14,10
2023,São Paulo Grand Prix,SAR,Williams,19,11
2023,São Paulo Grand Prix,HUL,Haas F1 Team,11,12
2023,São Paulo Grand Prix,RIC,AlphaTauri,17,13
2023,São Paulo Grand Prix,PIA,McLaren,10,14
2023,São Paulo Grand Prix,RUS,Mercedes,8,15
2023,São Paulo Grand Prix,BOT,Alfa Romeo,18,16
2023,São Paulo Grand Prix,ZHO,Alfa Romeo,20,17
2023,São Paulo Grand Prix,MAG,Haas F1 Team,12,18
2023,São Paulo Grand Prix,ALB,Williams,13,19
2023,São Paulo Grand Prix,LEC,Ferrari,2,20
2023,Las Vegas Grand Prix,VER,Red Bull Racing,2,1
2023,Las Vegas Grand Prix,LEC,Ferrari,1,2
2023,Las Vegas Grand Prix,PER,Red Bull Racing,11,3
2023,Las Vegas Grand Prix,OCO,Alpine,16,4
2023,Las Vegas Grand Prix,STR,Aston Martin,19,5
2023,Las Vegas Grand Prix,SAI,Ferrari,12,6
2023,Las Vegas Grand Prix,HAM,Mercedes,10,7
2023,Las Vegas Grand Prix,RUS,Mercedes,3,8
2023,Las Vegas Grand Prix,ALO,Aston Martin,9,9
2023,Las Vegas Grand Prix,PIA,McLaren,18,10
2023,Las Vegas Grand Prix,GAS,Alpine,4,11
2023,Las Vegas Grand Prix,ALB,Williams,5,12
2023,Las Vegas Grand Prix,MAG,Haas F1 Team,8,13
2023,Las Vegas Grand Prix,RIC,AlphaTauri,14,14
2023,Las Vegas Grand Prix,ZHO,Alfa Romeo,17,15
2023,Las Vegas Grand Prix,SAR,Williams,6,16
2023,Las Vegas Grand Prix,BOT,Alfa Romeo,7,17
2023,Las Vegas Grand Prix,TSU,AlphaTauri,20,18
2023,Las Vegas Grand Prix,HUL,Haas F1 Team,13,19
2023,Las Vegas Grand Prix,NOR,McLaren,15,20
2023,Abu Dhabi Grand Prix,VER,Red Bull Racing,1,1
2023,Abu Dhabi Grand Prix,LEC,Ferrari,2,2
2023,Abu Dhabi Grand Prix,RUS,Mercedes,4,3
2023,Abu Dhabi Grand Prix,PER,Red Bull Racing,9,4
2023,Abu Dhabi Grand Prix,NOR,McLaren,5,5
2023,Abu Dhabi Grand Prix,PIA,McLaren,3,6
2023,Abu Dhabi Grand Prix,ALO,Aston Martin,7,7
2023,Abu Dhabi Grand Prix,TSU,AlphaTauri,6,8
2023,Abu Dhabi Grand Prix,HAM,Mercedes,11,9
2023,Abu Dhabi Grand Prix,STR,Aston Martin,13,10
2023,Abu Dhabi Grand Prix,RIC,AlphaTauri,15,11
2023,Abu Dhabi Grand Prix,OCO,Alpine,12,12
2023,Abu Dhabi Grand Prix,GAS,Alpine,10,13
2023,Abu Dhabi Grand Prix,ALB,Williams,14,14
2023,Abu Dhabi Grand Prix,HUL,Haas F1 Team,8,15
2023,Abu Dhabi Grand Prix,SAR,Williams,20,16
2023,Abu Dhabi Grand Prix,ZHO,Alfa Romeo,19,17
2023,Abu Dhabi Grand Prix,SAI,Ferrari,16,18
2023,Abu Dhabi Grand Prix,BOT,Alfa Romeo,18,19
2023,Abu Dhabi Grand Prix,MAG,Haas F1 Team,17,20
2024,Bahrain Grand Prix,VER,Red Bull Racing,1,1
2024,Bahrain Grand Prix,PER,Red Bull Racing,5,2
2024,Bahrain Grand Prix,SAI,Ferrari,4,3
2024,Bahrain Grand Prix,LEC,Ferrari,2,4
2024,Bahrain Grand Prix,RUS,Mercedes,3,5
2024,Bahrain Grand Prix,NOR,McLaren,7,6
2024,Bahrain Grand Prix,HAM,Mercedes,9,7
2024,Bahrain Grand Prix,PIA,McLaren,8,8
2024,Bahrain Grand Prix,ALO,Aston Martin,6,9
2024,Bahrain Grand Prix,STR,Aston Martin,12,10
2024,Bahrain Grand Prix,ZHO,Kick Sauber,17,11
2024,Bahrain Grand Prix,MAG,Haas F1 Team,15,12
2024,Bahrain Grand Prix,RIC,RB,14,13
2024,Bahrain Grand Prix,TSU,RB,11,14
2024,Bahrain Grand Prix,ALB,Williams,13,15
2024,Bahrain Grand Prix,HUL,Haas F1 Team,10,16
2024,Bahrain Grand Prix,OCO,Alpine,19,17
2024,Bahrain Grand Prix,GAS,Alpine,20,18
2024,Bahrain Grand Prix,BOT,Kick Sauber,16,19
2024,Bahrain Grand Prix,SAR,Williams,18,20
2024,Saudi Arabian Grand Prix,VER,Red Bull Racing,1,1
2024,Saudi Arabian Grand Prix,PER,Red Bull Racing,3,2
2024,Saudi Arabian Grand Prix,LEC,Ferrari,2,3
2024,Saudi Arabian Grand Prix,PIA,McLaren,5,4
2024,Saudi Arabian Grand Prix,ALO,Aston Martin,4,5
2024,Saudi Arabian Grand Prix,RUS,Mercedes,7,6
2024,Saudi Arabian Grand Prix,BEA,Ferrari,11,7
2024,Saudi Arabian Grand Prix,NOR,McLaren,6,8
2024,Saudi Arabian Grand Prix,HAM,Mercedes,8,9
2024,Saudi Arabian Grand Prix,HUL,Haas F1 Team,15,10
2024,Saudi Arabian Grand Prix,ALB,Williams,12,11
2024,Saudi Arabian Grand Prix,MAG,Haas F1 Team,13,12
2024,Saudi Arabian Grand Prix,OCO,Alpine,17,13
2024,Saudi Arabian Grand Prix,SAR,Williams,19,14
2024,Saudi Arabian Grand Prix,TSU,RB,9,15
2024,Saudi Arabian Grand Prix,RIC,RB,14,16
2024,Saudi Arabian Grand Prix,BOT,Kick Sauber,16,17
2024,Saudi Arabian Grand Prix,ZHO,Kick Sauber,20,18
2024,Saudi Arabian Grand Prix,STR,Aston Martin,10,19
2024,Saudi Arabian Grand Prix,GAS,Alpine,18,20
2024,Australian Grand Prix,SAI,Ferrari,2,1
2024,Australian Grand Prix,LEC,Ferrari,4,2
2024,Australian Grand Prix,NOR,McLaren,3,3
2024,Australian Grand Prix,PIA,McLaren,5,4
2024,Australian Grand Prix,PER,Red Bull Racing,6,5
2024,Australian Grand Prix,STR,Aston Martin,9,6
2024,Australian Grand Prix,TSU,RB,8,7
2024,Australian Grand Prix,ALO,Aston Martin,10,8
2024,Australian Grand Prix,HUL,Haas F1 Team,16,9
2024,Australian Grand Prix,MAG,Haas F1 Team,14,10
2024,Australian Grand Prix,ALB,Williams,12,11
2024,Australian Grand Prix,RIC,RB,18,12
2024,Australian Grand Prix,GAS,Alpine,17,13
2024,Australian Grand Prix,BOT,Kick Sauber,13,14
2024,Australian Grand Prix,ZHO,Kick Sauber,19,15
2024,Australian Grand Prix,OCO,Alpine,15,16
2024,Australian Grand Prix,RUS,Mercedes,7,17
2024,Australian Grand Prix,HAM,Mercedes,11,18
2024,Australian Grand Prix,VER,Red Bull Racing,1,19
2024,Japanese Grand Prix,VER,Red Bull Racing,1,1
2024,Japanese Grand Prix,PER,Red Bull Racing,2,2
2024,Japanese Grand Prix,SAI,Ferrari,4,3
2024,Japanese Grand Prix,LEC,Ferrari,8,4
2024,Japanese Grand Prix,NOR,McLaren,3,5
2024,Japanese Grand Prix,ALO,Aston Martin,5,6
2024,Japanese Grand Prix,RUS,Mercedes,9,7
2024,Japanese Grand Prix,PIA,McLaren,6,8
2024,Japanese Grand Prix,HAM,Mercedes,7,9
2024,Japanese Grand Prix,TSU,RB,10,10
2024,Japanese Grand Prix,HUL,Haas F1 Team,12,11
2024,Japanese Grand Prix,STR,Aston Martin,16,12
2024,Japanese Grand Prix,MAG,Haas F1 Team,18,13
2024,Japanese Grand Prix,BOT,Kick Sauber,13,14
2024,Japanese Grand Prix,OCO,Alpine,15,15
2024,Japanese Grand Prix,GAS,Alpine,17,16
2024,Japanese Grand Prix,SAR,Williams,19,17
2024,Japanese Grand Prix,ZHO,Kick Sauber,20,18
2024,Japanese Grand Prix,RIC,RB,11,19
2024,Japanese Grand Prix,ALB,Williams,14,20
2024,Chinese Grand Prix,VER,Red Bull Racing,1,1
2024,Chinese Grand Prix,NOR,McLaren,4,2
2024,Chinese Grand Prix,PER,Red Bull Racing,2,3
2024,Chinese Grand Prix,LEC,Ferrari,6,4
2024,Chinese Grand Prix,SAI,Ferrari,7,5
2024,Chinese Grand Prix,RUS,Mercedes,8,6
2024,Chinese Grand Prix,ALO,Aston Martin,3,7
2024,Chinese Grand Prix,PIA,McLaren,5,8
2024,Chinese Grand Prix,HAM,Mercedes,18,9
2024,Chinese Grand Prix,HUL,Haas F1 Team,9,10
2024,Chinese Grand Prix,OCO,Alpine,13,11
2024,Chinese Grand Prix,ALB,Williams,14,12
2024,Chinese Grand Prix,GAS,Alpine,15,13
2024,Chinese Grand Prix,ZHO,Kick Sauber,16,14
2024,Chinese Grand Prix,STR,Aston Martin,11,15
2024,Chinese Grand Prix,MAG,Haas F1 Team,17,16
2024,Chinese Grand Prix,SAR,Williams,20,17
2024,Chinese Grand Prix,RIC,RB,12,18
2024,Chinese Grand Prix,TSU,RB,19,19
2024,Chinese Grand Prix,BOT,Kick Sauber,10,20
2024,Miami Grand Prix,NOR,McLaren,5,1
2024,Miami Grand Prix,VER,Red Bull Racing,1,2
2024,Miami Grand Prix,LEC,Ferrari,2,3
2024,Miami Grand Prix,PER,Red Bull Racing,4,4
2024,Miami Grand Prix,SAI,Ferrari,3,5
2024,Miami Grand Prix,HAM,Mercedes,8,6
2024,Miami Grand Prix,TSU,RB,10,7
2024,Miami Grand Prix,RUS,Mercedes,7,8
2024,Miami Grand Prix,ALO,Aston Martin,15,9
2024,Miami Grand Prix,OCO,Alpine,13,10
2024,Miami Grand Prix,HUL,Haas F1 Team,9,11
2024,Miami Grand Prix,GAS,Alpine,12,12
2024,Miami Grand Prix,PIA,McLaren,6,13
2024,Miami Grand Prix,ZHO,Kick Sauber,19,14
2024,Miami Grand Prix,RIC,RB,20,15
2024,Miami Grand Prix,BOT,Kick Sauber,16,16
2024,Miami Grand Prix,STR,Aston Martin,11,17
2024,Miami Grand Prix,ALB,Williams,14,18
2024,Miami Grand Prix,MAG,Haas F1 Team,18,19
2024,Miami Grand Prix,SAR,Williams,17,20
2024,Emilia Romagna Grand Prix,VER,Red Bull Racing,1,1
2024,Emilia Romagna Grand Prix,NOR,McLaren,2,2
2024,Emilia Romagna Grand Prix,LEC,Ferrari,3,3
2024,Emilia Romagna Grand Prix,PIA,McLaren,5,4
2024,Emilia Romagna Grand Prix,SAI,Ferrari,4,5
2024,Emilia Romagna Grand Prix,HAM,Mercedes,8,6
2024,Emilia Romagna Grand Prix,RUS,Mercedes,6,7
2024,Emilia Romagna Grand Prix,PER,Red Bull Racing,11,8
2024,Emilia Romagna Grand Prix,STR,Aston Martin,13,9
2024,Emilia Romagna Grand Prix,TSU,RB,7,10
2024,Emilia Romagna Grand Prix,HUL,Haas F1 Team,10,11
2024,Emilia Romagna Grand Prix,MAG,Haas F1 Team,18,12
2024,Emilia Romagna Grand Prix,RIC,RB,9,13
2024,Emilia Romagna Grand Prix,OCO,Alpine,12,14
2024,Emilia Romagna Grand Prix,ZHO,Kick Sauber,17,15
2024,Emilia Romagna Grand Prix,GAS,Alpine,15,16
2024,Emilia Romagna Grand Prix,SAR,Williams,19,17
2024,Emilia Romagna Grand Prix,BOT,Kick Sauber,16,18
2024,Emilia Romagna Grand Prix,ALO,Aston Martin,20,19
2024,Emilia Romagna Grand Prix,ALB,Williams,14,20
2024,Monaco Grand Prix,LEC,Ferrari,1,1
2024,Monaco Grand Prix,PIA,McLaren,2,2
2024,Monaco Grand Prix,SAI,Ferrari,3,3
2024,Monaco Grand Prix,NOR,McLaren,4,4
2024,Monaco Grand Prix,RUS,Mercedes,5,5
2024,Monaco Grand Prix,VER,Red Bull Racing,6,6
2024,Monaco Grand Prix,HAM,Mercedes,7,7
2024,Monaco Grand Prix,TSU,RB,8,8
2024,Monaco Grand Prix,ALB,Williams,9,9
2024,Monaco Grand Prix,GAS,Alpine,10,10
2024,Monaco Grand Prix,ALO,Aston Martin,14,11
2024,Monaco Grand Prix,RIC,RB,12,12
2024,Monaco Grand Prix,BOT,Kick Sauber,17,13
2024,Monaco Grand Prix,STR,Aston Martin,13,14
2024,Monaco Grand Prix,SAR,Williams,15,15
2024,Monaco Grand Prix,ZHO,Kick Sauber,18,16
2024,Monaco Grand Prix,OCO,Alpine,11,17
2024,Monaco Grand Prix,PER,Red Bull Racing,16,18
2024,Monaco Grand Prix,HUL,Haas F1 Team,19,19
2024,Monaco Grand Prix,MAG,Haas F1 Team,20,20
2024,Canadian Grand Prix,VER,Red Bull Racing,2,1
2024,Canadian Grand Prix,NOR,McLaren,3,2
2024,Canadian Grand Prix,RUS,Mercedes,1,3
2024,Canadian Grand Prix,HAM,Mercedes,7,4
2024,Canadian Grand Prix,PIA,McLaren,4,5
2024,Canadian Grand Prix,ALO,Aston Martin,6,6
2024,Canadian Grand Prix,STR,Aston Martin,9,7
2024,Canadian Grand Prix,RIC,RB,5,8
2024,Canadian Grand Prix,GAS,Alpine,15,9
2024,Canadian Grand Prix,OCO,Alpine,18,10
2024,Canadian Grand Prix,HUL,Haas F1 Team,17,11
2024,Canadian Grand Prix,MAG,Haas F1 Team,14,12
2024,Canadian Grand Prix,BOT,Kick Sauber,19,13
2024,Canadian Grand Prix,TSU,RB,8,14
2024,Canadian Grand Prix,ZHO,Kick Sauber,20,15
2024,Canadian Grand Prix,SAI,Ferrari,12,16
2024,Canadian Grand Prix,ALB,Williams,10,17
2024,Canadian Grand Prix,PER,Red Bull Racing,16,18
2024,Canadian Grand Prix,LEC,Ferrari,11,19
2024,Canadian Grand Prix,SAR,Williams,13,20
2024,Spanish Grand Prix,VER,Red Bull Racing,2,1
2024,Spanish Grand Prix,NOR,McLaren,1,2
2024,Spanish Grand Prix,HAM,Mercedes,3,3
2024,Spanish Grand Prix,RUS,Mercedes,4,4
2024,Spanish Grand Prix,LEC,Ferrari,5,5
2024,Spanish Grand Prix,SAI,Ferrari,6,6
2024,Spanish Grand Prix,PIA,McLaren,9,7
2024,Spanish Grand Prix,PER,Red Bull Racing,11,8
2024,Spanish Grand Prix,GAS,Alpine,7,9
2024,Spanish Grand Prix,OCO,Alpine,8,10
2024,Spanish Grand Prix,HUL,Haas F1 Team,13,11
2024,Spanish Grand Prix,ALO,Aston Martin,10,12
2024,Spanish Grand Prix,ZHO,Kick Sauber,15,13
2024,Spanish Grand Prix,STR,Aston Martin,14,14
2024,Spanish Grand Prix,RIC,RB,18,15
2024,Spanish Grand Prix,BOT,Kick Sauber,12,16
2024,Spanish Grand Prix,MAG,Haas F1 Team,16,17
2024,Spanish Grand Prix,ALB,Williams,20,18
2024,Spanish Grand Prix,TSU,RB,17,19
2024,Spanish Grand Prix,SAR,Williams,19,20
2024,Austrian Grand Prix,RUS,Mercedes,3,1
2024,Austrian Grand Prix,PIA,McLaren,7,2
2024,Austrian Grand Prix,SAI,Ferrari,4,3
2024,Austrian Grand Prix,HAM,Mercedes,5,4
2024,Austrian Grand Prix,VER,Red Bull Racing,1,5
2024,Austrian Grand Prix,HUL,Haas F1 Team,9,6
2024,Austrian Grand Prix,PER,Red Bull Racing,8,7
2024,Austrian Grand Prix,MAG,Haas F1 Team,12,8
2024,Austrian Grand Prix,RIC,RB,11,9
2024,Austrian Grand Prix,GAS,Alpine,13,10
2024,Austrian Grand Prix,LEC,Ferrari,6,11
2024,Austrian Grand Prix,OCO,Alpine,10,12
2024,Austrian Grand Prix,STR,Aston Martin,17,13
2024,Austrian Grand Prix,TSU,RB,14,14
2024,Austrian Grand Prix,ALB,Williams,16,15
2024,Austrian Grand Prix,BOT,Kick Sauber,18,16
2024,Austrian Grand Prix,ZHO,Kick Sauber,20,17
2024,Austrian Grand Prix,ALO,Aston Martin,15,18
2024,Austrian Grand Prix,SAR,Williams,19,19
2024,Austrian Grand Prix,NOR,McLaren,2,20
2024,British Grand Prix,HAM,Mercedes,2,1
2024,British Grand Prix,VER,Red Bull Racing,4,2
2024,British Grand Prix,NOR,McLaren,3,3
2024,British Grand Prix,PIA,McLaren,5,4
2024,British Grand Prix,SAI,Ferrari,7,5
2024,British Grand Prix,HUL,Haas F1 Team,6,6
2024,British Grand Prix,STR,Aston Martin,8,7
2024,British Grand Prix,ALO,Aston Martin,10,8
2024,British Grand Prix,ALB,Williams,9,9
2024,British Grand Prix,TSU,RB,13,10
2024,British Grand Prix,SAR,Williams,12,11
2024,British Grand Prix,MAG,Haas F1 Team,17,12
2024,British Grand Prix,RIC,RB,15,13
2024,British Grand Prix,LEC,Ferrari,11,14
2024,British Grand Prix,BOT,Kick Sauber,16,15
2024,British Grand Prix,OCO,Alpine,18,16
2024,British Grand Prix,PER,Red Bull Racing,20,17
2024,British Grand Prix,ZHO,Kick Sauber,14,18
2024,British Grand Prix,RUS,Mercedes,1,19
2024,British Grand Prix,GAS,Alpine,19,20
2024,Hungarian Grand Prix,PIA,McLaren,2,1
2024,Hungarian Grand Prix,NOR,McLaren,1,2
2024,Hungarian Grand Prix,HAM,Mercedes,5,3
2024,Hungarian Grand Prix,LEC,Ferrari,6,4
2024,Hungarian Grand Prix,VER,Red Bull Racing,3,5
2024,Hungarian Grand Prix,SAI,Ferrari,4,6
2024,Hungarian Grand Prix,PER,Red Bull Racing,16,7
2024,Hungarian Grand Prix,RUS,Mercedes,17,8
2024,Hungarian Grand Prix,TSU,RB,10,9
2024,Hungarian Grand Prix,STR,Aston Martin,8,10
2024,Hungarian Grand Prix,ALO,Aston Martin,7,11
2024,Hungarian Grand Prix,RIC,RB,9,12
2024,Hungarian Grand Prix,HUL,Haas F1 Team,11,13
2024,Hungarian Grand Prix,ALB,Williams,13,14
2024,Hungarian Grand Prix,MAG,Haas F1 Team,15,15
2024,Hungarian Grand Prix,BOT,Kick Sauber,12,16
2024,Hungarian Grand Prix,SAR,Williams,14,17
2024,Hungarian Grand Prix,OCO,Alpine,19,18
2024,Hungarian Grand Prix,ZHO,Kick Sauber,18,19
2024,Hungarian Grand Prix,GAS,Alpine,20,20
2024,Belgian Grand Prix,HAM,Mercedes,3,1
2024,Belgian Grand Prix,PIA,McLaren,5,2
2024,Belgian Grand Prix,LEC,Ferrari,1,3
2024,Belgian Grand Prix,VER,Red Bull Racing,11,4
2024,Belgian Grand Prix,NOR,McLaren,4,5
2024,Belgian Grand Prix,SAI,Ferrari,7,6
2024,Belgian Grand Prix,PER,Red Bull Racing,2,7
2024,Belgian Grand Prix,ALO,Aston Martin,8,8
2024,Belgian Grand Prix,OCO,Alpine,9,9
2024,Belgian Grand Prix,RIC,RB,13,10
2024,Belgian Grand Prix,STR,Aston Martin,15,11
2024,Belgian Grand Prix,ALB,Williams,10,12
2024,Belgian Grand Prix,GAS,Alpine,12,13
2024,Belgian Grand Prix,MAG,Haas F1 Team,17,14
2024,Belgian Grand Prix,BOT,Kick Sauber,14,15
2024,Belgian Grand Prix,TSU,RB,20,16
2024,Belgian Grand Prix,SAR,Williams,18,17
2024,Belgian Grand Prix,HUL,Haas F1 Team,16,18
2024,Belgian Grand Prix,ZHO,Kick Sauber,19,19
2024,Belgian Grand Prix,RUS,Mercedes,6,20
2024,Dutch Grand Prix,NOR,McLaren,1,1
2024,Dutch Grand Prix,VER,Red Bull Racing,2,2
2024,Dutch Grand Prix,LEC,Ferrari,6,3
2024,Dutch Grand Prix,PIA,McLaren,3,4
2024,Dutch Grand Prix,SAI,Ferrari,10,5
2024,Dutch Grand Prix,PER,Red Bull Racing,5,6
2024,Dutch Grand Prix,RUS,Mercedes,4,7
2024,Dutch Grand Prix,HAM,Mercedes,14,8
2024,Dutch Grand Prix,GAS,Alpine,9,9
2024,Dutch Grand Prix,ALO,Aston Martin,7,10
2024,Dutch Grand Prix,HUL,Haas F1 Team,12,11
2024,Dutch Grand Prix,RIC,RB,13,12
2024,Dutch Grand Prix,STR,Aston Martin,8,13
2024,Dutch Grand Prix,ALB,Williams,19,14
2024,Dutch Grand Prix,OCO,Alpine,15,15
2024,Dutch Grand Prix,SAR,Williams,18,16
2024,Dutch Grand Prix,TSU,RB,11,17
2024,Dutch Grand Prix,MAG,Haas F1 Team,20,18
2024,Dutch Grand Prix,BOT,Kick Sauber,16,19
2024,Dutch Grand Prix,ZHO,Kick Sauber,17,20
2024,Italian Grand Prix,LEC,Ferrari,4,1
2024,Italian Grand Prix,PIA,McLaren,2,2
2024,Italian Grand Prix,NOR,McLaren,1,3
2024,Italian Grand Prix,SAI,Ferrari,5,4
2024,Italian Grand Prix,HAM,Mercedes,6,5
2024,Italian Grand Prix,VER,Red Bull Racing,7,6
2024,Italian Grand Prix,RUS,Mercedes,3,7
2024,Italian Grand Prix,PER,Red Bull Racing,8,8
2024,Italian Grand Prix,ALB,Williams,9,9
2024,Italian Grand Prix,MAG,Haas F1 Team,13,10
2024,Italian Grand Prix,ALO,Aston Martin,11,11
2024,Italian Grand Prix,COL,Williams,18,12
2024,Italian Grand Prix,RIC,RB,12,13
2024,Italian Grand Prix,OCO,Alpine,15,14
2024,Italian Grand Prix,GAS,Alpine,14,15
2024,Italian Grand Prix,BOT,Kick Sauber,19,16
2024,Italian Grand Prix,HUL,Haas F1 Team,10,17
2024,Italian Grand Prix,ZHO,Kick Sauber,20,18
2024,Italian Grand Prix,STR,Aston Martin,17,19
2024,Italian Grand Prix,TSU,RB,16,20
2024,Azerbaijan Grand Prix,PIA,McLaren,2,1
2024,Azerbaijan Grand Prix,LEC,Ferrari,1,2
2024,Azerbaijan Grand Prix,RUS,Mercedes,5,3
2024,Azerbaijan Grand Prix,NOR,McLaren,15,4
2024,Azerbaijan Grand Prix,VER,Red Bull Racing,6,5
2024,Azerbaijan Grand Prix,ALO,Aston Martin,7,6
2024,Azerbaijan Grand Prix,ALB,Williams,9,7
2024,Azerbaijan Grand Prix,COL,Williams,8,8
2024,Azerbaijan Grand Prix,HAM,Mercedes,19,9
2024,Azerbaijan Grand Prix,BEA,Haas F1 Team,10,10
2024,Azerbaijan Grand Prix,HUL,Haas F1 Team,12,11
2024,Azerbaijan Grand Prix,GAS,Alpine,18,12
2024,Azerbaijan Grand Prix,RIC,RB,14,13
2024,Azerbaijan Grand Prix,ZHO,Kick Sauber,17,14
2024,Azerbaijan Grand Prix,OCO,Alpine,20,15
2024,Azerbaijan Grand Prix,BOT,Kick Sauber,16,16
2024,Azerbaijan Grand Prix,PER,Red Bull Racing,4,17
2024,Azerbaijan Grand Prix,SAI,Ferrari,3,18
2024,Azerbaijan Grand Prix,STR,Aston Martin,13,19
2024,Azerbaijan Grand Prix,TSU,RB,11,20
2024,Singapore Grand Prix,NOR,McLaren,1,1
2024,Singapore Grand Prix,VER,Red Bull Racing,2,2
2024,Singapore Grand Prix,PIA,McLaren,5,3
2024,Singapore Grand Prix,RUS,Mercedes,4,4
2024,Singapore Grand Prix,LEC,Ferrari,9,5
2024,Singapore Grand Prix,HAM,Mercedes,3,6
2024,Singapore Grand Prix,SAI,Ferrari,10,7
2024,Singapore Grand Prix,ALO,Aston Martin,7,8
2024,Singapore Grand Prix,HUL,Haas F1 Team,6,9
2024,Singapore Grand Prix,PER,Red Bull Racing,13,10
2024,Singapore Grand Prix,COL,Williams,12,11
2024,Singapore Grand Prix,TSU,RB,8,12
2024,Singapore Grand Prix,OCO,Alpine,15,13
2024,Singapore Grand Prix,STR,Aston Martin,17,14
2024,Singapore Grand Prix,ZHO,Kick Sauber,20,15
2024,Singapore Grand Prix,BOT,Kick Sauber,19,16
2024,Singapore Grand Prix,GAS,Alpine,18,17
2024,Singapore Grand Prix,RIC,RB,16,18
2024,Singapore Grand Prix,MAG,Haas F1 Team,14,19
2024,Singapore Grand Prix,ALB,Williams,11,20
2024,United States Grand Prix,LEC,Ferrari,4,1
2024,United States Grand Prix,SAI,Ferrari,3,2
2024,United States Grand Prix,VER,Red Bull Racing,2,3
2024,United States Grand Prix,NOR,McLaren,1,4
2024,United States Grand Prix,PIA,McLaren,5,5
2024,United States Grand Prix,RUS,Mercedes,20,6
2024,United States Grand Prix,PER,Red Bull Racing,9,7
2024,United States Grand Prix,HUL,Haas F1 Team,11,8
2024,United States Grand Prix,LAW,RB,19,9
2024,United States Grand Prix,COL,Williams,15,10
2024,United States Grand Prix,MAG,Haas F1 Team,8,11
2024,United States Grand Prix,GAS,Alpine,6,12
2024,United States Grand Prix,ALO,Aston Martin,7,13
2024,United States Grand Prix,TSU,RB,10,14
2024,United States Grand Prix,STR,Aston Martin,13,15
2024,United States Grand Prix,ALB,Williams,14,16
2024,United States Grand Prix,BOT,Kick Sauber,16,17
2024,United States Grand Prix,OCO,Alpine,12,18
2024,United States Grand Prix,ZHO,Kick Sauber,18,19
2024,United States Grand Prix,HAM,Mercedes,17,20
2024,Mexico City Grand Prix,SAI,Ferrari,1,1
2024,Mexico City Grand Prix,NOR,McLaren,3,2
2024,Mexico City Grand Prix,LEC,Ferrari,4,3
2024,Mexico City Grand Prix,HAM,Mercedes,6,4
2024,Mexico City Grand Prix,RUS,Mercedes,5,5
2024,Mexico City Grand Prix,VER,Red Bull Racing,2,6
2024,Mexico City Grand Prix,MAG,Haas F1 Team,7,7
2024,Mexico City Grand Prix,PIA,McLaren,17,8
2024,Mexico City Grand Prix,HUL,Haas F1 Team,10,9
2024,Mexico City Grand Prix,GAS,Alpine,8,10
2024,Mexico City Grand Prix,STR,Aston Martin,14,11
2024,Mexico City Grand Prix,COL,Williams,16,12
2024,Mexico City Grand Prix,OCO,Alpine,0,13
2024,Mexico City Grand Prix,BOT,Kick Sauber,15,14
2024,Mexico City Grand Prix,ZHO,Kick Sauber,19,15
2024,Mexico City Grand Prix,LAW,RB,12,16
2024,Mexico City Grand Prix,PER,Red Bull Racing,18,17
2024,Mexico City Grand Prix,ALO,Aston Martin,13,18
2024,Mexico City Grand Prix,ALB,Williams,9,19
2024,Mexico City Grand Prix,TSU,RB,11,20
2024,São Paulo Grand Prix,VER,Red Bull Racing,17,1
2024,São Paulo Grand Prix,OCO,Alpine,4,2
2024,São Paulo Grand Prix,GAS,Alpine,13,3
2024,São Paulo Grand Prix,RUS,Mercedes,2,4
2024,São Paulo Grand Prix,LEC,Ferrari,6,5
2024,São Paulo Grand Prix,NOR,McLaren,1,6
2024,São Paulo Grand Prix,TSU,RB,3,7
2024,São Paulo Grand Prix,PIA,McLaren,8,8
2024,São Paulo Grand Prix,LAW,RB,5,9
2024,São Paulo Grand Prix,HAM,Mercedes,14,10
2024,São Paulo Grand Prix,PER,Red Bull Racing,12,11
2024,São Paulo Grand Prix,BEA,Haas F1 Team,15,12
2024,São Paulo Grand Prix,BOT,Kick Sauber,11,13
2024,São Paulo Grand Prix,ALO,Aston Martin,9,14
2024,São Paulo Grand Prix,ZHO,Kick Sauber,19,15
2024,São Paulo Grand Prix,SAI,Ferrari,20,16
2024,São Paulo Grand Prix,COL,Williams,16,17
2024,São Paulo Grand Prix,ALB,Williams,7,18
2024,São Paulo Grand Prix,STR,Aston Martin,10,19
2024,São Paulo Grand Prix,HUL,Haas F1 Team,18,20
2024,Las Vegas Grand Prix,RUS,Mercedes,1,1
2024,Las Vegas Grand Prix,HAM,Mercedes,10,2
2024,Las Vegas Grand Prix,SAI,Ferrari,2,3
2024,Las Vegas Grand Prix,LEC,Ferrari,4,4
2024,Las Vegas Grand Prix,VER,Red Bull Racing,5,5
2024,Las Vegas Grand Prix,NOR,McLaren,6,6
2024,Las Vegas Grand Prix,PIA,McLaren,8,7
2024,Las Vegas Grand Prix,HUL,Haas F1 Team,9,8
2024,Las Vegas Grand Prix,TSU,RB,7,9
2024,Las Vegas Grand Prix,PER,Red Bull Racing,15,10
2024,Las Vegas Grand Prix,ALO,Aston Martin,16,11
2024,Las Vegas Grand Prix,MAG,Haas F1 Team,12,12
2024,Las Vegas Grand Prix,ZHO,Kick Sauber,13,13
2024,Las Vegas Grand Prix,COL,Williams,20,14
2024,Las Vegas Grand Prix,STR,Aston Martin,18,15
2024,Las Vegas Grand Prix,LAW,RB,14,16
2024,Las Vegas Grand Prix,OCO,Alpine,11,17
2024,Las Vegas Grand Prix,BOT,Kick Sauber,19,18
2024,Las Vegas Grand Prix,ALB,Williams,17,19
2024,Las Vegas Grand Prix,GAS,Alpine,3,20
2024,Qatar Grand Prix,VER,Red Bull Racing,2,1
2024,Qatar Grand Prix,LEC,Ferrari,5,2
2024,Qatar Grand Prix,PIA,McLaren,4,3
2024,Qatar Grand Prix,RUS,Mercedes,1,4
2024,Qatar Grand Prix,GAS,Alpine,11,5
2024,Qatar Grand Prix,SAI,Ferrari,7,6
2024,Qatar Grand Prix,ALO,Aston Martin,8,7
2024,Qatar Grand Prix,ZHO,Kick Sauber,12,8
2024,Qatar Grand Prix,MAG,Haas F1 Team,10,9
2024,Qatar Grand Prix,NOR,McLaren,3,10
2024,Qatar Grand Prix,BOT,Kick Sauber,13,11
2024,Qatar Grand Prix,HAM,Mercedes,6,12
2024,Qatar Grand Prix,TSU,RB,14,13
2024,Qatar Grand Prix,LAW,RB,17,14
2024,Qatar Grand Prix,ALB,Williams,16,15
2024,Qatar Grand Prix,HUL,Haas F1 Team,18,16
2024,Qatar Grand Prix,PER,Red Bull Racing,9,17
2024,Qatar Grand Prix,STR,Aston Martin,15,18
2024,Qatar Grand Prix,COL,Williams,19,19
2024,Qatar Grand Prix,OCO,Alpine,20,20
2024,Abu Dhabi Grand Prix,NOR,McLaren,1,1
2024,Abu Dhabi Grand Prix,SAI,Ferrari,3,2
2024,Abu Dhabi Grand Prix,LEC,Ferrari,19,3
2024,Abu Dhabi Grand Prix,HAM,Mercedes,16,4
2024,Abu Dhabi Grand Prix,RUS,Mercedes,6,5
2024,Abu Dhabi Grand Prix,VER,Red Bull Racing,4,6
2024,Abu Dhabi Grand Prix,GAS,Alpine,5,7
2024,Abu Dhabi Grand Prix,HUL,Haas F1 Team,7,8
2024,Abu Dhabi Grand Prix,ALO,Aston Martin,8,9
2024,Abu Dhabi Grand Prix,PIA,McLaren,2,10
2024,Abu Dhabi Grand Prix,ALB,Williams,18,11
2024,Abu Dhabi Grand Prix,TSU,RB,11,12
2024,Abu Dhabi Grand Prix,ZHO,Kick Sauber,15,13
2024,Abu Dhabi Grand Prix,STR,Aston Martin,13,14
2024,Abu Dhabi Grand Prix,DOO,Alpine,17,15
2024,Abu Dhabi Grand Prix,MAG,Haas F1 Team,14,16
2024,Abu Dhabi Grand Prix,LAW,RB,12,17
2024,Abu Dhabi Grand Prix,BOT,Kick Sauber,9,18
2024,Abu Dhabi Grand Prix,COL,Williams,20,19
2024,Abu Dhabi Grand Prix,PER,Red Bull Racing,10,20
2025,Australian Grand Prix,NOR,McLaren,1,1
2025,Australian Grand Prix,VER,Red Bull Racing,3,2
2025,Australian Grand Prix,RUS,Mercedes,4,3
2025,Australian Grand Prix,ANT,Mercedes,16,4
2025,Australian Grand Prix,ALB,Williams,6,5
2025,Australian Grand Prix,STR,Aston Martin,13,6
2025,Australian Grand Prix,HUL,Kick Sauber,17,7
2025,Australian Grand Prix,LEC,Ferrari,7,8
2025,Australian Grand Prix,PIA,McLaren,2,9
2025,Australian Grand Prix,HAM,Ferrari,8,10
2025,Australian Grand Prix,GAS,Alpine,9,11
2025,Australian Grand Prix,TSU,Racing Bulls,5,12
2025,Australian Grand Prix,OCO,Haas F1 Team,19,13
2025,Australian Grand Prix,BEA,Haas F1 Team,20,14
2025,Australian Grand Prix,LAW,Red Bull Racing,18,15
2025,Australian Grand Prix,BOR,Kick Sauber,15,16
2025,Australian Grand Prix,ALO,Aston Martin,12,17
2025,Australian Grand Prix,SAI,Williams,10,18
2025,Australian Grand Prix,DOO,Alpine,14,19
2025,Australian Grand Prix,HAD,Racing Bulls,11,20
2025,Chinese Grand Prix,PIA,McLaren,1,1
2025,Chinese Grand Prix,NOR,McLaren,3,2
2025,Chinese Grand Prix,RUS,Mercedes,2,3
2025,Chinese Grand Prix,VER,Red Bull Racing,4,4
2025,Chinese Grand Prix,OCO,Haas F1 Team,11,5
2025,Chinese Grand Prix,ANT,Mercedes,8,6
2025,Chinese Grand Prix,ALB,Williams,10,7
2025,Chinese Grand Prix,BEA,Haas F1 Team,17,8
2025,Chinese Grand Prix,STR,Aston Martin,14,9
2025,Chinese Grand Prix,SAI,Williams,15,10
2025,Chinese Grand Prix,HAD,Racing Bulls,7,11
2025,Chinese Grand Prix,LAW,Red Bull Racing,20,12
2025,Chinese Grand Prix,DOO,Alpine,18,13
2025,Chinese Grand Prix,BOR,Kick Sauber,19,14
2025,Chinese Grand Prix,HUL,Kick Sauber,12,15
2025,Chinese Grand Prix,TSU,Racing Bulls,9,16
2025,Chinese Grand Prix,ALO,Aston Martin,13,17
2025,Chinese Grand Prix,LEC,Ferrari,6,18
2025,Chinese Grand Prix,HAM,Ferrari,5,19
2025,Chinese Grand Prix,GAS,Alpine,16,20
2025,Japanese Grand Prix,VER,Red Bull Racing,1,1
2025,Japanese Grand Prix,NOR,McLaren,2,2
2025,Japanese Grand Prix,PIA,McLaren,3,3
2025,Japanese Grand Prix,LEC,Ferrari,4,4
2025,Japanese Grand Prix,RUS,Mercedes,5,5
2025,Japanese Grand Prix,ANT,Mercedes,6,6
2025,Japanese Grand Prix,HAM,Ferrari,8,7
2025,Japanese Grand Prix,HAD,Racing Bulls,7,8
2025,Japanese Grand Prix,ALB,Williams,9,9
2025,Japanese Grand Prix,BEA,Haas F1 Team,10,10
2025,Japanese Grand Prix,ALO,Aston Martin,12,11
2025,Japanese Grand Prix,TSU,Red Bull Racing,14,12
2025,Japanese Grand Prix,GAS,Alpine,11,13
2025,Japanese Grand Prix,SAI,Williams,15,14
2025,Japanese Grand Prix,DOO,Alpine,19,15
2025,Japanese Grand Prix,HUL,Kick Sauber,16,16
2025,Japanese Grand Prix,LAW,Racing Bulls,13,17
2025,Japanese Grand Prix,OCO,Haas F1 Team,18,18
2025,Japanese Grand Prix,BOR,Kick Sauber,17,19
2025,Japanese Grand Prix,STR,Aston Martin,20,20
2025,Bahrain Grand Prix,PIA,McLaren,1,1
2025,Bahrain Grand Prix,RUS,Mercedes,3,2
2025,Bahrain Grand Prix,NOR,McLaren,6,3
2025,Bahrain Grand Prix,LEC,Ferrari,2,4
2025,Bahrain Grand Prix,HAM,Ferrari,9,5
2025,Bahrain Grand Prix,VER,Red Bull Racing,7,6
2025,Bahrain Grand Prix,GAS,Alpine,4,7
2025,Bahrain Grand Prix,OCO,Haas F1 Team,14,8
2025,Bahrain Grand Prix,TSU,Red Bull Racing,10,9
2025,Bahrain Grand Prix,BEA,Haas F1 Team,20,10
2025,Bahrain Grand Prix,ANT,Mercedes,5,11
2025,Bahrain Grand Prix,ALB,Williams,15,12
2025,Bahrain Grand Prix,HAD,Racing Bulls,12,13
2025,Bahrain Grand Prix,DOO,Alpine,11,14
2025,Bahrain Grand Prix,ALO,Aston Martin,13,15
2025,Bahrain Grand Prix,LAW,Racing Bulls,17,16
2025,Bahrain Grand Prix,STR,Aston Martin,19,17
2025,Bahrain Grand Prix,BOR,Kick Sauber,18,18
2025,Bahrain Grand Prix,SAI,Williams,8,19
2025,Bahrain Grand Prix,HUL,Kick Sauber,16,20
2025,Saudi Arabian Grand Prix,PIA,McLaren,2,1
2025,Saudi Arabian Grand Prix,VER,Red Bull Racing,1,2
2025,Saudi Arabian Grand Prix,LEC,Ferrari,4,3
2025,Saudi Arabian Grand Prix,NOR,McLaren,10,4
2025,Saudi Arabian Grand Prix,RUS,Mercedes,3,5
2025,Saudi Arabian Grand Prix,ANT,Mercedes,5,6
2025,Saudi Arabian Grand Prix,HAM,Ferrari,7,7
2025,Saudi Arabian Grand Prix,SAI,Williams,6,8
2025,Saudi Arabian Grand Prix,ALB,Williams,11,9
2025,Saudi Arabian Grand Prix,HAD,Racing Bulls,14,10
2025,Saudi Arabian Grand Prix,ALO,Aston Martin,13,11
2025,Saudi Arabian Grand Prix,LAW,Racing Bulls,12,12
2025,Saudi Arabian Grand Prix,BEA,Haas F1 Team,15,13
2025,Saudi Arabian Grand Prix,OCO,Haas F1 Team,19,14
2025,Saudi Arabian Grand Prix,HUL,Kick Sauber,18,15
2025,Saudi Arabian Grand Prix,STR,Aston Martin,16,16
2025,Saudi Arabian Grand Prix,DOO,Alpine,17,17
2025,Saudi Arabian Grand Prix,BOR,Kick Sauber,20,18
2025,Saudi Arabian Grand Prix,TSU,Red Bull Racing,8,19
2025,Saudi Arabian Grand Prix,GAS,Alpine,9,20
2025,Miami Grand Prix,PIA,McLaren,4,1
2025,Miami Grand Prix,NOR,McLaren,2,2
2025,Miami Grand Prix,RUS,Mercedes,5,3
2025,Miami Grand Prix,VER,Red Bull Racing,1,4
2025,Miami Grand Prix,ALB,Williams,7,5
2025,Miami Grand Prix,ANT,Mercedes,3,6
2025,Miami Grand Prix,LEC,Ferrari,8,7
2025,Miami Grand Prix,HAM,Ferrari,12,8
2025,Miami Grand Prix,SAI,Williams,6,9
2025,Miami Grand Prix,TSU,Red Bull Racing,10,10
2025,Miami Grand Prix,HAD,Racing Bulls,11,11
2025,Miami Grand Prix,OCO,Haas F1 Team,9,12
2025,Miami Grand Prix,GAS,Alpine,20,13
2025,Miami Grand Prix,HUL,Kick Sauber,16,14
2025,Miami Grand Prix,ALO,Aston Martin,17,15
2025,Miami Grand Prix,STR,Aston Martin,18,16
2025,Miami Grand Prix,LAW,Racing Bulls,15,17
2025,Miami Grand Prix,BOR,Kick Sauber,13,18
2025,Miami Grand Prix,BEA,Haas F1 Team,19,19
2025,Miami Grand Prix,DOO,Alpine,14,20
2025,Emilia Romagna Grand Prix,VER,Red Bull Racing,2,1
2025,Emilia Romagna Grand Prix,NOR,McLaren,4,2
2025,Emilia Romagna Grand Prix,PIA,McLaren,1,3
2025,Emilia Romagna Grand Prix,HAM,Ferrari,12,4
2025,Emilia Romagna Grand Prix,ALB,Williams,7,5
2025,Emilia Romagna Grand Prix,LEC,Ferrari,11,6
2025,Emilia Romagna Grand Prix,RUS,Mercedes,3,7
2025,Emilia Romagna Grand Prix,SAI,Williams,6,8
2025,Emilia Romagna Grand Prix,HAD,Racing Bulls,9,9
2025,Emilia Romagna Grand Prix,TSU,Red Bull Racing,20,10
2025,Emilia Romagna Grand Prix,ALO,Aston Martin,5,11
2025,Emilia Romagna Grand Prix,HUL,Kick Sauber,17,12
2025,Emilia Romagna Grand Prix,GAS,Alpine,10,13
2025,Emilia Romagna Grand Prix,LAW,Racing Bulls,15,14
2025,Emilia Romagna Grand Prix,STR,Aston Martin,8,15
2025,Emilia Romagna Grand Prix,COL,Alpine,16,16
2025,Emilia Romagna Grand Prix,BEA,Haas F1 Team,19,17
2025,Emilia Romagna Grand Prix,BOR,Kick Sauber,14,18
2025,Emilia Romagna Grand Prix,ANT,Mercedes,13,19
2025,Emilia Romagna Grand Prix,OCO,Haas F1 Team,18,20
2025,Monaco Grand Prix,NOR,McLaren,1,1
2025,Monaco Grand Prix,LEC,Ferrari,2,2
2025,Monaco Grand Prix,PIA,McLaren,3,3
2025,Monaco Grand Prix,VER,Red Bull Racing,4,4
2025,Monaco Grand Prix,HAM,Ferrari,7,5
2025,Monaco Grand Prix,HAD,Racing Bulls,5,6
2025,Monaco Grand Prix,OCO,Haas F1 Team,8,7
2025,Monaco Grand Prix,LAW,Racing Bulls,9,8
2025,Monaco Grand Prix,ALB,Williams,10,9
2025,Monaco Grand Prix,SAI,Williams,11,10
2025,Monaco Grand Prix,RUS,Mercedes,14,11
2025,Monaco Grand Prix,BEA,Haas F1 Team,20,12
2025,Monaco Grand Prix,COL,Alpine,18,13
2025,Monaco Grand Prix,BOR,Kick Sauber,16,14
2025,Monaco Grand Prix,STR,Aston Martin,19,15
2025,Monaco Grand Prix,HUL,Kick Sauber,13,16
2025,Monaco Grand Prix,TSU,Red Bull Racing,12,17
2025,Monaco Grand Prix,ANT,Mercedes,15,18
2025,Monaco Grand Prix,ALO,Aston Martin,6,19
2025,Monaco Grand Prix,GAS,Alpine,17,20
2025,Spanish Grand Prix,PIA,McLaren,1,1
2025,Spanish Grand Prix,NOR,McLaren,2,2
2025,Spanish Grand Prix,LEC,Ferrari,7,3
2025,Spanish Grand Prix,RUS,Mercedes,4,4
2025,Spanish Grand Prix,HUL,Kick Sauber,15,5
2025,Spanish Grand Prix,HAM,Ferrari,5,6
2025,Spanish Grand Prix,HAD,Racing Bulls,9,7
2025,Spanish Grand Prix,GAS,Alpine,8,8
2025,Spanish Grand Prix,ALO,Aston Martin,10,9
2025,Spanish Grand Prix,VER,Red Bull Racing,3,10
2025,Spanish Grand Prix,LAW,Racing Bulls,13,11
2025,Spanish Grand Prix,BOR,Kick Sauber,12,12
2025,Spanish Grand Prix,TSU,Red Bull Racing,19,13
2025,Spanish Grand Prix,SAI,Williams,17,14
2025,Spanish Grand Prix,COL,Alpine,18,15
2025,Spanish Grand Prix,OCO,Haas F1 Team,16,16
2025,Spanish Grand Prix,BEA,Haas F1 Team,14,17
2025,Spanish Grand Prix,ANT,Mercedes,6,18
2025,Spanish Grand Prix,ALB,Williams,11,19
2025,Canadian Grand Prix,RUS,Mercedes,1,1
2025,Canadian Grand Prix,VER,Red Bull Racing,2,2
2025,Canadian Grand Prix,ANT,Mercedes,4,3
2025,Canadian Grand Prix,PIA,McLaren,3,4
2025,Canadian Grand Prix,LEC,Ferrari,8,5
2025,Canadian Grand Prix,HAM,Ferrari,5,6
2025,Canadian Grand Prix,ALO,Aston Martin,6,7
2025,Canadian Grand Prix,HUL,Kick Sauber,11,8
2025,Canadian Grand Prix,OCO,Haas F1 Team,14,9
2025,Canadian Grand Prix,SAI,Williams,16,10
2025,Canadian Grand Prix,BEA,Haas F1 Team,13,11
2025,Canadian Grand Prix,TSU,Red Bull Racing,18,12
2025,Canadian Grand Prix,COL,Alpine,10,13
2025,Canadian Grand Prix,BOR,Kick Sauber,15,14
2025,Canadian Grand Prix,GAS,Alpine,20,15
2025,Canadian Grand Prix,HAD,Racing Bulls,12,16
2025,Canadian Grand Prix,STR,Aston Martin,17,17
2025,Canadian Grand Prix,NOR,McLaren,7,18
2025,Canadian Grand Prix,LAW,Racing Bulls,19,19
2025,Canadian Grand Prix,ALB,Williams,9,20
2025,Austrian Grand Prix,NOR,McLaren,1,1
2025,Austrian Grand Prix,PIA,McLaren,3,2
2025,Austrian Grand Prix,LEC,Ferrari,2,3
2025,Austrian Grand Prix,HAM,Ferrari,4,4
2025,Austrian Grand Prix,RUS,Mercedes,5,5
2025,Austrian Grand Prix,LAW,Racing Bulls,6,6
2025,Austrian Grand Prix,ALO,Aston Martin,11,7
2025,Austrian Grand Prix,BOR,Kick Sauber,8,8
2025,Austrian Grand Prix,HUL,Kick Sauber,20,9
2025,Austrian Grand Prix,OCO,Haas F1 Team,17,10
2025,Austrian Grand Prix,BEA,Haas F1 Team,15,11
2025,Austrian Grand Prix,HAD,Racing Bulls,13,12
2025,Austrian Grand Prix,GAS,Alpine,10,13
2025,Austrian Grand Prix,STR,Aston Martin,16,14
2025,Austrian Grand Prix,COL,Alpine,14,15
2025,Austrian Grand Prix,TSU,Red Bull Racing,18,16
2025,Austrian Grand Prix,ALB,Williams,12,17
2025,Austrian Grand Prix,VER,Red Bull Racing,7,18
2025,Austrian Grand Prix,ANT,Mercedes,9,19
2025,Austrian Grand Prix,SAI,Williams,19,20
2025,British Grand Prix,NOR,McLaren,3,1
2025,British Grand Prix,PIA,McLaren,2,2
2025,British Grand Prix,HUL,Kick Sauber,19,3
2025,British Grand Prix,HAM,Ferrari,5,4
2025,British Grand Prix,VER,Red Bull Racing,1,5
2025,British Grand Prix,GAS,Alpine,8,6
2025,British Grand Prix,STR,Aston Martin,17,7
2025,British Grand Prix,ALB,Williams,13,8
2025,British Grand Prix,ALO,Aston Martin,7,9
2025,British Grand Prix,RUS,Mercedes,4,10
2025,British Grand Prix,BEA,Haas F1 Team,18,11
2025,British Grand Prix,SAI,Williams,9,12
2025,British Grand Prix,OCO,Haas F1 Team,14,13
2025,British Grand Prix,LEC,Ferrari,6,14
2025,British Grand Prix,TSU,Red Bull Racing,11,15
2025,British Grand Prix,ANT,Mercedes,10,16
2025,British Grand Prix,HAD,Racing Bulls,12,17
2025,British Grand Prix,BOR,Kick Sauber,16,18
2025,British Grand Prix,LAW,Racing Bulls,15,19
2025,British Grand Prix,COL,Alpine,20,20
2025,Belgian Grand Prix,PIA,McLaren,2,1
2025,Belgian Grand Prix,NOR,McLaren,1,2
2025,Belgian Grand Prix,LEC,Ferrari,3,3
2025,Belgian Grand Prix,VER,Red Bull Racing,4,4
2025,Belgian Grand Prix,RUS,Mercedes,6,5
2025,Belgian Grand Prix,ALB,Williams,5,6
2025,Belgian Grand Prix,HAM,Ferrari,18,7
2025,Belgian Grand Prix,LAW,Racing Bulls,9,8
2025,Belgian Grand Prix,BOR,Kick Sauber,10,9
2025,Belgian Grand Prix,GAS,Alpine,13,10
2025,Belgian Grand Prix,BEA,Haas F1 Team,12,11
2025,Belgian Grand Prix,HUL,Kick Sauber,14,12
2025,Belgian Grand Prix,TSU,Red Bull Racing,7,13
2025,Belgian Grand Prix,STR,Aston Martin,16,14
2025,Belgian Grand Prix,OCO,Haas F1 Team,11,15
2025,Belgian Grand Prix,ANT,Mercedes,19,16
2025,Belgian Grand Prix,ALO,Aston Martin,20,17
2025,Belgian Grand Prix,SAI,Williams,17,18
2025,Belgian Grand Prix,COL,Alpine,15,19
2025,Belgian Grand Prix,HAD,Racing Bulls,8,20
2025,Hungarian Grand Prix,NOR,McLaren,3,1
2025,Hungarian Grand Prix,PIA,McLaren,2,2
2025,Hungarian Grand Prix,RUS,Mercedes,4,3
2025,Hungarian Grand Prix,LEC,Ferrari,1,4
2025,Hungarian Grand Prix,ALO,Aston Martin,5,5
2025,Hungarian Grand Prix,BOR,Kick Sauber,7,6
2025,Hungarian Grand Prix,STR,Aston Martin,6,7
2025,Hungarian Grand Prix,LAW,Racing Bulls,9,8
2025,Hungarian Grand Prix,VER,Red Bull Racing,8,9
2025,Hungarian Grand Prix,ANT,Mercedes,15,10
2025,Hungarian Grand Prix,HAD,Racing Bulls,10,11
2025,Hungarian Grand Prix,HAM,Ferrari,12,12
2025,Hungarian Grand Prix,HUL,Kick Sauber,18,13
2025,Hungarian Grand Prix,SAI,Williams,13,14
2025,Hungarian Grand Prix,ALB,Williams,19,15
2025,Hungarian Grand Prix,OCO,Haas F1 Team,17,16
2025,Hungarian Grand Prix,TSU,Red Bull Racing,20,17
2025,Hungarian Grand Prix,COL,Alpine,14,18
2025,Hungarian Grand Prix,GAS,Alpine,16,19
2025,Hungarian Grand Prix,BEA,Haas F1 Team,11,20
2025,Dutch Grand Prix,PIA,McLaren,1,1
2025,Dutch Grand Prix,VER,Red Bull Racing,3,2
2025,Dutch Grand Prix,HAD,Racing Bulls,4,3
2025,Dutch Grand Prix,RUS,Mercedes,5,4
2025,Dutch Grand Prix,ALB,Williams,15,5
2025,Dutch Grand Prix,BEA,Haas F1 Team,20,6
2025,Dutch Grand Prix,STR,Aston Martin,19,7
2025,Dutch Grand Prix,ALO,Aston Martin,10,8
2025,Dutch Grand Prix,TSU,Red Bull Racing,12,9
2025,Dutch Grand Prix,OCO,Haas F1 Team,18,10
2025,Dutch Grand Prix,COL,Alpine,16,11
2025,Dutch Grand Prix,LAW,Racing Bulls,8,12
2025,Dutch Grand Prix,SAI,Williams,9,13
2025,Dutch Grand Prix,HUL,Kick Sauber,17,14
2025,Dutch Grand Prix,BOR,Kick Sauber,13,15
2025,Dutch Grand Prix,ANT,Mercedes,11,16
2025,Dutch Grand Prix,GAS,Alpine,14,17
2025,Dutch Grand Prix,NOR,McLaren,2,18
2025,Dutch Grand Prix,LEC,Ferrari,6,19
2025,Dutch Grand Prix,HAM,Ferrari,7,20
2025,Italian Grand Prix,VER,Red Bull Racing,1,1
2025,Italian Grand Prix,NOR,McLaren,2,2
2025,Italian Grand Prix,PIA,McLaren,3,3
2025,Italian Grand Prix,LEC,Ferrari,4,4
2025,Italian Grand Prix,RUS,Mercedes,5,5
2025,Italian Grand Prix,HAM,Ferrari,10,6
2025,Italian Grand Prix,ALB,Williams,14,7
2025,Italian Grand Prix,BOR,Kick Sauber,7,8
2025,Italian Grand Prix,ANT,Mercedes,6,9
2025,Italian Grand Prix,HAD,Racing Bulls,19,10
2025,Italian Grand Prix,SAI,Williams,13,11
2025,Italian Grand Prix,BEA,Haas F1 Team,11,12
2025,Italian Grand Prix,TSU,Red Bull Racing,9,13
2025,Italian Grand Prix,LAW,Racing Bulls,18,14
2025,Italian Grand Prix,OCO,Haas F1 Team,15,15
2025,Italian Grand Prix,GAS,Alpine,20,16
2025,Italian Grand Prix,COL,Alpine,17,17
2025,Italian Grand Prix,STR,Aston Martin,16,18
2025,Italian Grand Prix,ALO,Aston Martin,8,19
2025,Italian Grand Prix,HUL,Kick Sauber,12,20
2025,Azerbaijan Grand Prix,VER,Red Bull Racing,1,1
2025,Azerbaijan Grand Prix,RUS,Mercedes,5,2
2025,Azerbaijan Grand Prix,SAI,Williams,2,3
2025,Azerbaijan Grand Prix,ANT,Mercedes,4,4
2025,Azerbaijan Grand Prix,LAW,Racing Bulls,3,5
2025,Azerbaijan Grand Prix,TSU,Red Bull Racing,6,6
2025,Azerbaijan Grand Prix,NOR,McLaren,7,7
2025,Azerbaijan Grand Prix,HAM,Ferrari,12,8
2025,Azerbaijan Grand Prix,LEC,Ferrari,10,9
2025,Azerbaijan Grand Prix,HAD,Racing Bulls,8,10
2025,Azerbaijan Grand Prix,BOR,Kick Sauber,13,11
2025,Azerbaijan Grand Prix,BEA,Haas F1 Team,15,12
2025,Azerbaijan Grand Prix,ALB,Williams,19,13
2025,Azerbaijan Grand Prix,OCO,Haas F1 Team,20,14
2025,Azerbaijan Grand Prix,ALO,Aston Martin,11,15
2025,Azerbaijan Grand Prix,HUL,Kick Sauber,17,16
2025,Azerbaijan Grand Prix,STR,Aston Martin,14,17
2025,Azerbaijan Grand Prix,GAS,Alpine,18,18
2025,Azerbaijan Grand Prix,COL,Alpine,16,19
2025,Azerbaijan Grand Prix,PIA,McLaren,9,20
